date,failure,Smart 194: Temperature_Celsius (Raw Value),Smart 8: Seek_Time_Performance (Raw Value),Smart 1: Raw_Read_Error_Rate (Raw Value),Smart 12: Power_Cycle_Count (Raw Value),Smart 4: Start_Stop_Count (Raw Value),Smart 10: Spin_Retry_Count (Raw Value),Smart 192: Power-Off_Retract_Count (Raw Value),Smart 9: Power_On_Hours (Raw Value),Smart 2: Throughput_Performance (Raw Value),Smart 7: Seek_Error_Rate (Raw Value),Smart 193: Load_Cycle_Count (Raw Value),Smart 3: Spin_Up_Time (Raw Value),Smart 5: Reallocated_Sector_Ct (Raw Value),Smart 197: Current_Pending_Sector (Raw Value),Smart 198: Offline_Uncorrectable (Raw Value),Smart 199: UDMA_CRC_Error_Count (Raw Value),Smart 196: Reallocated_Event_Count (Raw Value),op_fail_30,op_fail_15,op_fail_1
2013-04-10,0,29,,0,,,,,17844,,,,,0,0,,,,False,False,False
2013-04-11,0,29,,9,,,,,17868,,,,,0,0,,,,False,False,False
2013-04-12,0,23,,0,,,,,17892,,,,,0,0,,,,False,False,False
2013-04-13,0,23,,0,,,,,17916,,,,,0,0,,,,False,False,False
2013-04-14,0,24,,0,,,,,17940,,,,,0,0,,,,False,False,False
2013-04-15,0,23,,0,,,,,17964,,,,,0,0,,,,False,False,False
2013-04-16,0,23,,0,,,,,17988,,,,,0,0,,,,False,False,False
2013-04-17,0,24,,0,,,,,18012,,,,,0,0,,,,False,False,False
2013-04-18,0,23,,0,,,,,18036,,,,,0,0,,,,False,False,False
2013-04-19,0,23,,0,,,,,18060,,,,,0,0,,,,False,False,False
2013-04-20,0,24,,0,,,,,18084,,,,,0,0,,,,False,False,False
2013-04-21,0,23,,0,,,,,18108,,,,,0,0,,,,False,False,False
2013-04-22,0,24,,0,,,,,18132,,,,,0,0,,,,False,False,False
2013-04-23,0,23,,0,,,,,18156,,,,,0,0,,,,False,False,False
2013-04-24,0,24,,0,,,,,18180,,,,,0,0,,,,False,False,False
2013-04-25,0,23,,0,,,,,18204,,,,,0,0,,,,False,False,False
2013-04-26,0,25,,0,,,,,18222,,,,,0,0,,,,False,False,False
2013-04-27,0,26,,0,,,,,18246,,,,,0,0,,,,False,False,False
2013-04-28,0,26,,0,,,,,18270,,,,,0,0,,,,False,False,False
2013-04-29,0,26,,0,,,,,18294,,,,,0,0,,,,False,False,False
2013-04-30,0,22,,0,,,,,18318,,,,,0,0,,,,False,False,False
2013-05-01,0,22,,0,,,,,18342,,,,,0,0,,,,False,False,False
2013-05-02,0,25,,0,,,,,18366,,,,,0,0,,,,False,False,False
2013-05-03,0,25,,0,,,,,18390,,,,,0,0,,,,False,False,False
2013-05-04,0,29,,0,,,,,18414,,,,,0,0,,,,False,False,False
2013-05-05,0,29,,1,,,,,18438,,,,,0,0,,,,False,False,False
2013-05-06,0,28,,65536,,,,,18462,,,,,0,0,,,,False,False,False
2013-05-07,0,30,,0,,,,,18486,,,,,0,0,,,,False,False,False
2013-05-08,0,22,,0,,,,,18510,,,,,0,0,,,,False,False,False
2013-05-09,0,22,,0,,,,,18534,,,,,0,0,,,,False,False,False
2013-05-10,0,22,,0,,,,,18558,,,,,0,0,,,,False,False,False
2013-05-11,0,22,,0,,,,,18582,,,,,0,0,,,,False,False,False
2013-05-12,0,22,,0,,,,,18606,,,,,0,0,,,,False,False,False
2013-05-13,0,22,,0,,,,,18630,,,,,0,0,,,,False,False,False
2013-05-14,0,22,,0,,,,,18654,,,,,0,0,,,,False,False,False
2013-05-15,0,22,,65538,,,,,18678,,,,,0,0,,,,False,False,False
2013-05-16,0,22,,65537,,,,,18702,,,,,0,0,,,,False,False,False
2013-05-17,0,25,,131073,,,,,18726,,,,,0,0,,,,False,False,False
2013-05-18,0,22,,65538,,,,,18750,,,,,0,0,,,,False,False,False
2013-05-19,0,22,,65538,,,,,18774,,,,,0,0,,,,False,False,False
2013-05-20,0,23,,393216,,,,,18798,,,,,0,0,,,,False,False,False
2013-05-21,0,22,,131074,,,,,18822,,,,,0,0,,,,False,False,False
2013-05-22,0,23,,0,,,,,18846,,,,,0,0,,,,False,False,False
2013-05-23,0,22,,131073,,,,,18870,,,,,0,0,,,,False,False,False
2013-05-24,0,23,,65538,,,,,18894,,,,,0,0,,,,False,False,False
2013-05-25,0,24,,131073,,,,,18918,,,,,0,0,,,,False,False,False
2013-05-26,0,23,,65538,,,,,18942,,,,,0,0,,,,False,False,False
2013-05-27,0,22,,196609,,,,,18966,,,,,0,0,,,,False,False,False
2013-05-28,0,23,,3,,,,,18990,,,,,0,0,,,,False,False,False
2013-05-29,0,23,,4,,,,,19014,,,,,0,0,,,,False,False,False
2013-05-30,0,25,,65539,,,,,19038,,,,,0,0,,,,False,False,False
2013-05-31,0,24,,131074,,,,,19062,,,,,0,0,,,,False,False,False
2013-06-01,0,25,,1,,,,,19086,,,,,0,0,,,,False,False,False
2013-06-02,0,26,,131073,,,,,19110,,,,,0,0,,,,False,False,False
2013-06-03,0,25,,131074,,,,,19134,,,,,0,0,,,,False,False,False
2013-06-04,0,22,,131073,,,,,19158,,,,,0,0,,,,False,False,False
2013-06-05,0,26,,196612,,,,,19182,,,,,0,0,,,,False,False,False
2013-06-06,0,28,,131074,,,,,19206,,,,,0,0,,,,False,False,False
2013-06-07,0,27,,196610,,,,,19230,,,,,0,0,,,,False,False,False
2013-06-08,0,29,,131074,,,,,19254,,,,,0,0,,,,False,False,False
2013-06-09,0,30,,196610,,,,,19278,,,,,0,0,,,,False,False,False
2013-06-10,0,31,,65537,,,,,19302,,,,,0,0,,,,False,False,False
2013-06-11,0,31,,65540,,,,,19326,,,,,0,0,,,,False,False,False
2013-06-12,0,28,,65538,,,,,19350,,,,,0,0,,,,False,False,False
2013-06-13,0,26,,65540,,,,,19374,,,,,0,0,,,,False,False,False
2013-06-14,0,26,,131072,,,,,19398,,,,,0,0,,,,False,False,False
2013-06-15,0,25,,131073,,,,,19422,,,,,0,0,,,,False,False,False
2013-06-16,0,25,,65538,,,,,19446,,,,,0,0,,,,False,False,False
2013-06-17,0,30,,262145,,,,,19470,,,,,0,0,,,,False,False,False
2013-06-18,0,29,,131074,,,,,19494,,,,,0,0,,,,False,False,False
2013-06-19,0,28,,65538,,,,,19518,,,,,0,0,,,,False,False,False
2013-06-20,0,29,,0,,,,,19542,,,,,0,0,,,,False,False,False
2013-06-21,0,31,,0,,,,,19566,,,,,0,0,,,,False,False,False
2013-06-22,0,31,,65536,,,,,19590,,,,,0,0,,,,False,False,False
2013-06-23,0,27,,0,,,,,19614,,,,,0,0,,,,False,False,False
2013-06-24,0,25,,0,,,,,19638,,,,,0,0,,,,False,False,False
2013-06-25,0,26,,0,,,,,19662,,,,,0,0,,,,False,False,False
2013-06-26,0,25,,0,,,,,19686,,,,,0,0,,,,False,False,False
2013-06-27,0,25,,0,,,,,19710,,,,,0,0,,,,False,False,False
2013-06-28,0,24,,0,,,,,19734,,,,,0,0,,,,False,False,False
2013-06-29,0,24,,0,,,,,19758,,,,,0,0,,,,False,False,False
2013-06-30,0,24,,0,,,,,19782,,,,,0,0,,,,False,False,False
2013-07-01,0,24,,0,,,,,19806,,,,,0,0,,,,False,False,False
2013-07-02,0,25,,0,,,,,19830,,,,,0,0,,,,False,False,False
2013-07-03,0,25,,0,,,,,19854,,,,,0,0,,,,False,False,False
2013-07-04,0,24,,0,,,,,19878,,,,,0,0,,,,False,False,False
2013-07-05,0,26,,65536,,,,,19902,,,,,0,0,,,,False,False,False
2013-07-06,0,26,,65536,,,,,19926,,,,,0,0,,,,False,False,False
2013-07-07,0,26,,0,,,,,19950,,,,,0,0,,,,False,False,False
2013-07-08,0,26,,0,,,,,19974,,,,,0,0,,,,False,False,False
2013-07-09,0,26,,0,,,,,19998,,,,,0,0,,,,False,False,False
2013-07-10,0,25,,0,,,,,20022,,,,,0,0,,,,False,False,False
2013-07-11,0,26,,0,,,,,20046,,,,,0,0,,,,False,False,False
2013-07-12,0,26,,0,,,,,20070,,,,,0,0,,,,False,False,False
2013-07-13,0,26,,0,,,,,20094,,,,,0,0,,,,False,False,False
2013-07-14,0,25,,0,,,,,20118,,,,,0,0,,,,False,False,False
2013-07-15,0,27,,0,,,,,20142,,,,,0,0,,,,False,False,False
2013-07-16,0,26,,0,,,,,20166,,,,,0,0,,,,False,False,False
2013-07-17,0,26,,65536,,,,,20190,,,,,0,0,,,,False,False,False
2013-07-18,0,28,,0,,,,,20214,,,,,0,0,,,,False,False,False
2013-07-19,0,22,,0,,,,,20238,,,,,0,0,,,,False,False,False
2013-07-20,0,22,,0,,,,,20262,,,,,0,0,,,,False,False,False
2013-07-21,0,22,,0,,,,,20286,,,,,0,0,,,,False,False,False
2013-07-22,0,22,,0,,,,,20310,,,,,0,0,,,,False,False,False
2013-07-23,0,23,,0,,,,,20334,,,,,0,0,,,,False,False,False
2013-07-24,0,24,,0,,,,,20358,,,,,0,0,,,,False,False,False
2013-07-25,0,25,,0,,,,,20382,,,,,0,0,,,,False,False,False
2013-07-26,0,25,,0,,,,,20406,,,,,0,0,,,,False,False,False
2013-07-27,0,24,,720896,,,,,20430,,,,,0,0,,,,False,False,False
2013-07-28,0,24,,65537,,,,,20454,,,,,0,0,,,,False,False,False
2013-07-29,0,26,,0,,,,,20478,,,,,0,0,,,,False,False,False
2013-07-30,0,26,,2,,,,,20502,,,,,0,0,,,,False,False,False
2013-07-31,0,24,,0,,,,,20526,,,,,0,0,,,,False,False,False
2013-08-01,0,25,,131073,,,,,20550,,,,,0,0,,,,False,False,False
2013-08-02,0,23,,0,,,,,20574,,,,,0,0,,,,False,False,False
2013-08-03,0,24,,65537,,,,,20598,,,,,0,0,,,,False,False,False
2013-08-04,0,24,,131072,,,,,20622,,,,,0,0,,,,False,False,False
2013-08-05,0,24,,65537,,,,,20646,,,,,0,0,,,,False,False,False
2013-08-06,0,23,,65538,,,,,20670,,,,,0,0,,,,False,False,False
2013-08-07,0,23,,3,,,,,20694,,,,,0,0,,,,False,False,False
2013-08-08,0,24,,131072,,,,,20718,,,,,0,0,,,,False,False,False
2013-08-09,0,26,,0,,,,,20742,,,,,0,0,,,,False,False,False
2013-08-10,0,25,,0,,,,,20766,,,,,0,0,,,,False,False,False
2013-08-11,0,24,,0,,,,,20790,,,,,0,0,,,,False,False,False
2013-08-12,0,25,,0,,,,,20814,,,,,0,0,,,,False,False,False
2013-08-13,0,26,,0,,,,,20838,,,,,0,0,,,,False,False,False
2013-08-14,0,22,,0,,,,,20862,,,,,0,0,,,,False,False,False
2013-08-15,0,25,,0,,,,,20886,,,,,0,0,,,,False,False,False
2013-08-16,0,23,,0,,,,,20910,,,,,0,0,,,,False,False,False
2013-08-17,0,23,,0,,,,,20934,,,,,0,0,,,,False,False,False
2013-08-18,0,23,,0,,,,,20958,,,,,0,0,,,,False,False,False
2013-08-19,0,23,,0,,,,,20982,,,,,0,0,,,,False,False,False
2013-10-15,0,24,,0,,,,,22350,,,,,0,0,,,,False,False,False
2013-10-16,0,24,,0,,,,,22374,,,,,0,0,,,,False,False,False
2013-10-17,0,24,,0,,,,,22398,,,,,0,0,,,,False,False,False
2013-10-18,0,25,,0,,,,,22422,,,,,0,0,,,,False,False,False
2013-10-19,0,24,,0,,,,,22446,,,,,0,0,,,,False,False,False
2013-10-20,0,25,,0,,,,,22470,,,,,0,0,,,,False,False,False
2013-10-21,0,24,,0,,,,,22494,,,,,0,0,,,,False,False,False
2013-10-22,0,24,,0,,,,,22518,,,,,0,0,,,,False,False,False
2013-10-23,0,24,,0,,,,,22542,,,,,0,0,,,,False,False,False
2013-10-24,0,24,,0,,,,,22566,,,,,0,0,,,,False,False,False
2013-10-25,0,25,,0,,,,,22590,,,,,0,0,,,,False,False,False
2013-10-26,0,24,,0,,,,,22614,,,,,0,0,,,,False,False,False
2013-10-27,0,24,,131072,,,,,22638,,,,,0,0,,,,False,False,False
2013-10-28,0,23,,0,,,,,22662,,,,,0,0,,,,False,False,False
2013-10-29,0,25,,0,,,,,22686,,,,,0,0,,,,False,False,False
2013-10-30,0,24,,0,,,,,22710,,,,,0,0,,,,False,False,False
2013-10-31,0,26,,0,,,,,22734,,,,,0,0,,,,False,False,False
2013-11-01,0,25,,65540,,,,,22758,,,,,0,0,,,,False,False,False
2013-11-02,0,25,,65536,,,,,22782,,,,,0,0,,,,False,False,False
2013-11-03,0,24,,131074,,,,,22806,,,,,0,0,,,,False,False,False
2013-11-04,0,25,,65537,,,,,22831,,,,,0,0,,,,False,False,False
2013-11-05,0,25,,131073,,,,,22855,,,,,0,0,,,,False,False,False
2013-11-06,0,26,,131074,,,,,22879,,,,,0,0,,,,False,False,False
2013-11-07,0,24,,131075,,,,,22903,,,,,0,0,,,,False,False,False
2013-11-08,0,23,,131075,,,,,22927,,,,,0,0,,,,False,False,False
2013-11-09,0,24,,196610,,,,,22951,,,,,0,0,,,,False,False,False
2013-11-10,0,25,,65539,,,,,22975,,,,,0,0,,,,False,False,False
2013-11-11,0,25,,65536,,,,,22999,,,,,0,0,,,,False,False,False
2013-11-12,0,25,,0,,,,,23023,,,,,0,0,,,,False,False,False
2013-11-13,0,23,,2,,,,,23047,,,,,0,0,,,,False,False,False
2013-11-14,0,25,,2,,,,,23071,,,,,0,0,,,,False,False,False
2013-11-15,0,24,,2,,,,,23095,,,,,0,0,,,,False,False,False
2013-11-16,0,24,,196609,,,,,23119,,,,,0,0,,,,False,False,False
2013-11-17,0,24,,65537,,,,,23143,,,,,0,0,,,,False,False,False
2013-11-18,0,22,,196611,,,,,23167,,,,,0,0,,,,False,False,False
2013-11-19,0,23,,3,,,,,23191,,,,,0,0,,,,False,False,False
2013-11-20,0,23,,131074,,,,,23215,,,,,0,0,,,,False,False,False
2013-11-21,0,23,,131074,,,,,23239,,,,,0,0,,,,False,False,False
2013-11-22,0,24,,65538,,,,,23263,,,,,0,0,,,,False,False,False
2013-11-23,0,24,,65537,,,,,23287,,,,,0,0,,,,False,False,False
2013-11-24,0,24,,196610,,,,,23311,,,,,0,0,,,,False,False,False
2013-11-25,0,24,,262144,,,,,23335,,,,,0,0,,,,False,False,False
2013-11-26,0,24,,131073,,,,,23359,,,,,0,0,,,,False,False,False
2013-11-27,0,24,,196610,,,,,23383,,,,,0,0,,,,False,False,False
2013-11-28,0,24,,1,,,,,23407,,,,,0,0,,,,False,False,False
2013-11-29,0,24,,2,,,,,23431,,,,,0,0,,,,False,False,False
2013-11-30,0,24,,196610,,,,,23455,,,,,0,0,,,,False,False,False
2013-12-01,0,25,,65538,,,,,23479,,,,,0,0,,,,False,False,False
2013-12-02,0,24,,131072,,,,,23503,,,,,0,0,,,,False,False,False
2013-12-03,0,24,,196610,,,,,23527,,,,,0,0,,,,False,False,False
2013-12-04,0,25,,2,,,,,23551,,,,,0,0,,,,False,False,False
2013-12-05,0,26,,65539,,,,,23575,,,,,0,0,,,,False,False,False
2013-12-06,0,24,,65538,,,,,23599,,,,,0,0,,,,False,False,False
2013-12-07,0,24,,131074,,,,,23623,,,,,0,0,,,,False,False,False
2013-12-08,0,26,,131073,,,,,23647,,,,,0,0,,,,False,False,False
2013-12-09,0,25,,0,,,,,23671,,,,,0,0,,,,False,False,False
2013-12-10,0,24,,720897,,,,,23695,,,,,0,0,,,,False,False,False
2013-12-11,0,26,,196609,,,,,23719,,,,,0,0,,,,False,False,False
2013-12-12,0,28,,131076,,,,,23743,,,,,0,0,,,,False,False,False
2013-12-13,0,23,,1,,,,,23767,,,,,0,0,,,,False,False,False
2013-12-14,0,27,,0,,,,,23791,,,,,0,0,,,,False,False,False
2013-12-15,0,24,,131074,,,,,23815,,,,,0,0,,,,False,False,False
2013-12-16,0,22,,196611,,,,,23839,,,,,0,0,,,,False,False,False
2013-12-17,0,23,,196610,,,,,23863,,,,,0,0,,,,False,False,False
2013-12-18,0,22,,65536,,,,,23887,,,,,0,0,,,,False,False,False
2013-12-19,0,24,,131076,,,,,23911,,,,,0,0,,,,False,False,False
2013-12-20,0,25,,65538,,,,,23935,,,,,0,0,,,,False,False,False
2013-12-21,0,22,,65537,,,,,23959,,,,,0,0,,,,False,False,False
2013-12-22,0,25,,131075,,,,,23983,,,,,0,0,,,,False,False,False
2013-12-23,0,22,,262145,,,,,24007,,,,,0,0,,,,False,False,False
2013-12-24,0,24,,0,,,,,24031,,,,,0,0,,,,False,False,False
2013-12-25,0,25,,196610,,,,,24055,,,,,0,0,,,,False,False,False
2013-12-26,0,25,,131074,,,,,24079,,,,,0,0,,,,False,False,False
2013-12-27,0,24,,65536,,,,,24103,,,,,0,0,,,,False,False,False
2013-12-28,0,20,,131074,,,,,24127,,,,,0,0,,,,False,False,False
2013-12-29,0,23,,131073,,,,,24151,,,,,0,0,,,,False,False,False
2013-12-30,0,23,,65538,,,,,24175,,,,,0,0,,,,False,False,False
2013-12-31,0,24,,131073,,,,,24199,,,,,0,0,,,,False,False,False
2014-01-01,0,26,,196608,,,,,24223,,,,,0,0,,,,False,False,False
2014-01-02,0,23,,131073,,,,,24247,,,,,0,0,,,,False,False,False
2014-01-03,0,23,,65538,,,,,24271,,,,,0,0,,,,False,False,False
2014-01-04,0,23,,65540,,,,,24295,,,,,0,0,,,,False,False,False
2014-01-05,0,23,,65538,,,,,24319,,,,,0,0,,,,False,False,False
2014-01-06,0,25,,458753,,,,,24343,,,,,0,0,,,,False,False,False
2014-01-07,0,23,,2,,,,,24367,,,,,0,0,,,,False,False,False
2014-01-08,0,23,,65537,,,,,24391,,,,,0,0,,,,False,False,False
2014-01-09,0,24,,65538,,,,,24415,,,,,0,0,,,,False,False,False
2014-01-10,0,23,,2,,,,,24439,,,,,0,0,,,,False,False,False
2014-01-11,0,24,,196610,,,,,24463,,,,,0,0,,,,False,False,False
2014-01-12,0,23,,196611,,,,,24487,,,,,0,0,,,,False,False,False
2014-01-13,0,24,,131076,,,,,24511,,,,,0,0,,,,False,False,False
2014-01-14,0,24,,196609,,,,,24535,,,,,0,0,,,,False,False,False
2014-01-15,0,24,,65537,,,,,24559,,,,,0,0,,,,False,False,False
2014-01-16,0,23,,1,,,,,24583,,,,,0,0,,,,False,False,False
2014-01-17,0,24,,65537,,,,,24607,,,,,0,0,,,,False,False,False
2014-01-18,0,24,,196610,,,,,24631,,,,,0,0,,,,False,False,False
2014-01-19,0,24,,196611,,,,,24655,,,,,0,0,,,,False,False,False
2014-01-20,0,23,,196610,,,,,24679,,,,,0,0,,,,False,False,False
2014-01-21,0,24,,65538,,,,,24703,,,,,0,0,,,,False,False,False
2014-01-22,0,24,,131073,,,,,24727,,,,,0,0,,,,False,False,False
2014-01-23,0,24,,131072,,,,,24751,,,,,0,0,,,,False,False,False
2014-01-24,0,24,,131075,,,,,24775,,,,,0,0,,,,False,False,False
2014-01-25,0,23,,196608,,,,,24799,,,,,0,0,,,,False,False,False
2014-01-26,0,24,,65537,,,,,24823,,,,,0,0,,,,False,False,False
2014-01-27,0,24,,65544,,,,,24847,,,,,0,0,,,,False,False,False
2014-01-28,0,24,,65537,,,,,24871,,,,,0,0,,,,False,False,False
2014-01-29,0,25,,1,,,,,24895,,,,,0,0,,,,False,False,False
2014-01-30,0,23,,131074,,,,,24919,,,,,0,0,,,,False,False,False
2014-01-31,0,24,,3,,,,,24943,,,,,0,0,,,,False,False,False
2014-02-01,0,27,,65537,,,,,24967,,,,,0,0,,,,False,False,False
2014-02-02,0,26,,131073,,,,,24991,,,,,0,0,,,,False,False,False
2014-02-03,0,27,,327681,,,,,25015,,,,,0,0,,,,False,False,False
2014-02-04,0,26,,0,,,,,25039,,,,,0,0,,,,False,False,False
2014-02-05,0,26,,196611,,,,,25063,,,,,0,0,,,,False,False,False
2014-02-06,0,27,,131072,,,,,25087,,,,,0,0,,,,False,False,False
2014-02-07,0,27,,0,,,,,25111,,,,,0,0,,,,False,False,False
2014-02-08,0,24,,131074,,,,,25135,,,,,0,0,,,,False,False,False
2014-02-09,0,23,,65538,,,,,25159,,,,,0,0,,,,False,False,False
2014-02-10,0,24,,65536,,,,,25183,,,,,0,0,,,,False,False,False
2014-02-11,0,23,,65538,,,,,25207,,,,,0,0,,,,False,False,False
2014-02-12,0,23,,65536,,,,,25231,,,,,0,0,,,,False,False,False
2014-02-13,0,24,,65536,,,,,25255,,,,,0,0,,,,False,False,False
2014-02-14,0,24,0,65537,43,44,0,809,25279,0,0,809,630,0,0,0,0,0,False,False,False
2014-02-15,0,23,0,131074,43,44,0,810,25303,0,0,810,630,0,0,0,0,0,False,False,False
2014-02-16,0,24,0,0,43,44,0,810,25326,0,0,810,630,0,0,0,0,0,False,False,False
2014-02-17,0,23,0,65537,43,44,0,811,25350,0,0,811,630,0,0,0,0,0,False,False,False
2014-02-18,0,26,0,65537,43,44,0,811,25375,0,0,811,630,0,0,0,0,0,False,False,False
2014-02-19,0,25,0,131074,43,44,0,812,25398,0,0,812,630,0,0,0,0,0,False,False,False
2014-02-20,0,24,0,1,43,44,0,812,25422,0,0,812,630,0,0,0,0,0,False,False,False
2014-02-21,0,23,0,131072,43,44,0,813,25447,0,0,813,630,0,0,0,0,0,False,False,False
2014-02-22,0,26,0,65536,43,44,0,814,25471,0,0,814,630,0,0,0,0,0,False,False,False
2014-02-23,0,23,0,1,43,44,0,815,25494,0,0,815,630,0,0,0,0,0,False,False,False
2014-02-24,0,23,0,131072,43,44,0,815,25518,0,0,815,630,0,0,0,0,0,False,False,False
2014-02-25,0,23,0,65538,43,44,0,817,25543,0,0,817,630,0,0,0,0,0,False,False,False
2014-02-26,0,23,0,131073,43,44,0,817,25566,0,0,817,630,0,0,0,0,0,False,False,False
2014-02-27,0,24,0,131073,43,44,0,818,25590,0,0,818,630,0,0,0,0,0,False,False,False
2014-02-28,0,23,0,131073,43,44,0,818,25615,0,0,818,630,0,0,0,0,0,False,False,False
2014-03-01,0,25,0,65537,43,44,0,819,25638,0,0,819,630,0,0,0,0,0,False,False,False
2014-03-02,0,23,0,1,43,44,0,820,25662,0,0,820,630,0,0,0,0,0,False,False,False
2014-03-03,0,24,0,196609,43,44,0,821,25687,0,0,821,630,0,0,0,0,0,False,False,False
2014-03-04,0,24,0,65536,43,44,0,821,25711,0,0,821,630,0,0,0,0,0,False,False,False
2014-03-05,0,24,0,65538,43,44,0,822,25734,0,0,822,630,0,0,0,0,0,False,False,False
2014-03-06,0,23,0,65538,43,44,0,823,25759,0,0,823,630,0,0,0,0,0,False,False,False
2014-03-07,0,24,0,3,43,44,0,824,25783,0,0,824,630,0,0,0,0,0,False,False,False
2014-03-08,0,23,0,65537,43,44,0,824,25806,0,0,824,630,0,0,0,0,0,False,False,False
2014-03-09,0,24,0,65537,43,44,0,824,25830,0,0,824,630,0,0,0,0,0,False,False,False
2014-03-10,0,24,0,65536,43,44,0,825,25855,0,0,825,630,0,0,0,0,0,False,False,False
2014-03-11,0,26,0,65537,43,44,0,826,25878,0,0,826,630,0,0,0,0,0,False,False,False
2014-03-12,0,24,0,131072,43,44,0,827,25901,0,0,827,630,0,0,0,0,0,False,False,False
2014-03-13,0,23,0,65537,43,44,0,828,25925,0,0,828,630,0,0,0,0,0,False,False,False
2014-03-14,0,23,0,131074,43,44,0,829,25950,0,0,829,630,0,0,0,0,0,False,False,False
2014-03-15,0,23,0,131073,43,44,0,829,25973,0,0,829,630,0,0,0,0,0,False,False,False
2014-03-16,0,24,0,131072,43,44,0,830,25997,0,0,830,630,0,0,0,0,0,False,False,False
2014-03-17,0,24,0,65537,43,44,0,831,26022,0,0,831,630,0,0,0,0,0,False,False,False
2014-03-18,0,24,0,131073,43,44,0,832,26046,0,0,832,630,0,0,0,0,0,False,False,False
2014-03-19,0,24,0,5,43,44,0,833,26069,0,0,833,630,0,0,0,0,0,False,False,False
2014-03-20,0,24,0,131074,43,44,0,834,26094,0,0,834,630,0,0,0,0,0,False,False,False
2014-03-21,0,24,0,65536,43,44,0,834,26118,0,0,834,630,0,0,0,0,0,False,False,False
2014-03-22,0,24,0,65537,43,44,0,835,26141,0,0,835,630,0,0,0,0,0,False,False,False
2014-03-23,0,24,0,131073,43,44,0,835,26166,0,0,835,630,0,0,0,0,0,False,False,False
2014-03-24,0,24,0,65537,43,44,0,836,26190,0,0,836,630,0,0,0,0,0,False,False,False
2014-03-25,0,24,0,2,43,44,0,837,26213,0,0,837,630,0,0,0,0,0,False,False,False
2014-03-26,0,24,0,65538,44,45,0,838,26237,0,0,838,627,0,0,0,0,0,False,False,False
2014-03-27,0,26,0,65536,44,45,0,839,26261,0,0,839,627,0,0,0,0,0,False,False,False
2014-03-28,0,25,0,2,44,45,0,840,26285,0,0,840,627,0,0,0,0,0,False,False,False
2014-03-29,0,25,0,65536,44,45,0,841,26309,0,0,841,627,0,0,0,0,0,False,False,False
2014-03-30,0,25,0,65538,44,45,0,842,26333,0,0,842,627,0,0,0,0,0,False,False,False
2014-03-31,0,26,0,65537,44,45,0,842,26357,0,0,842,627,0,0,0,0,0,False,False,False
2014-04-01,0,25,0,65536,44,45,0,843,26381,0,0,843,627,0,0,0,0,0,False,False,False
2014-04-02,0,25,0,2,44,45,0,844,26405,0,0,844,627,0,0,0,0,0,False,False,False
2014-04-03,0,25,0,65537,44,45,0,844,26429,0,0,844,627,0,0,0,0,0,False,False,False
2014-04-04,0,26,0,0,44,45,0,845,26454,0,0,845,627,0,0,0,0,0,False,False,False
2014-04-05,0,25,0,65537,44,45,0,846,26477,0,0,846,627,0,0,0,0,0,False,False,False
2014-04-06,0,24,0,131074,44,45,0,847,26501,0,0,847,627,0,0,0,0,0,False,False,False
2014-04-07,0,24,0,1,44,45,0,848,26525,0,0,848,627,0,0,0,0,0,False,False,False
2014-04-08,0,24,0,131073,44,45,0,849,26549,0,0,849,627,0,0,0,0,0,False,False,False
2014-04-09,0,24,0,3,44,45,0,850,26573,0,0,850,627,0,0,0,0,0,False,False,False
2014-04-10,0,24,0,131073,44,45,0,850,26597,0,0,850,627,0,0,0,0,0,False,False,False
2014-04-11,0,24,0,65538,44,45,0,851,26621,0,0,851,627,0,0,0,0,0,False,False,False
2014-04-12,0,24,0,2,44,45,0,852,26645,0,0,852,627,0,0,0,0,0,False,False,False
2014-04-13,0,24,0,0,44,45,0,853,26669,0,0,853,627,0,0,0,0,0,False,False,False
2014-04-14,0,24,0,65539,44,45,0,853,26693,0,0,853,627,0,0,0,0,0,False,False,False
2014-04-15,0,24,0,0,44,45,0,854,26717,0,0,854,627,0,0,0,0,0,False,False,False
2014-04-16,0,24,0,131072,44,45,0,855,26741,0,0,855,627,0,0,0,0,0,False,False,False
2014-04-17,0,24,0,65537,44,45,0,856,26765,0,0,856,627,0,0,0,0,0,False,False,False
2014-04-18,0,25,0,131072,44,45,0,857,26789,0,0,857,627,0,0,0,0,0,False,False,False
2014-04-19,0,24,0,65537,44,45,0,858,26813,0,0,858,627,0,0,0,0,0,False,False,False
2014-04-20,0,24,0,65537,44,45,0,859,26837,0,0,859,627,0,0,0,0,0,False,False,False
2014-04-21,0,24,0,131074,44,45,0,860,26861,0,0,860,627,0,0,0,0,0,False,False,False
2014-04-22,0,25,0,131074,44,45,0,861,26885,0,0,861,627,0,0,0,0,0,False,False,False
2014-04-23,0,24,0,0,44,45,0,861,26909,0,0,861,627,0,0,0,0,0,False,False,False
2014-04-24,0,24,0,1,44,45,0,862,26933,0,0,862,627,0,0,0,0,0,False,False,False
2014-04-25,0,24,0,65536,44,45,0,863,26957,0,0,863,627,0,0,0,0,0,False,False,False
2014-04-26,0,24,0,131073,44,45,0,863,26981,0,0,863,627,0,0,0,0,0,False,False,False
2014-04-27,0,24,0,65538,44,45,0,864,27006,0,0,864,627,0,0,0,0,0,False,False,False
2014-04-28,0,24,0,2,44,45,0,865,27029,0,0,865,627,0,0,0,0,0,False,False,False
2014-04-29,0,24,0,196609,44,45,0,866,27053,0,0,866,627,0,0,0,0,0,False,False,False
2014-04-30,0,24,0,65538,44,45,0,867,27077,0,0,867,627,0,0,0,0,0,False,False,False
2014-05-01,0,24,0,0,44,45,0,867,27101,0,0,867,627,0,0,0,0,0,False,False,False
2014-05-02,0,24,0,131073,44,45,0,868,27125,0,0,868,627,0,0,0,0,0,False,False,False
2014-05-03,0,24,0,131073,44,45,0,869,27149,0,0,869,627,0,0,0,0,0,False,False,False
2014-05-04,0,25,0,196609,44,45,0,870,27173,0,0,870,627,0,0,0,0,0,False,False,False
2014-05-05,0,24,0,65537,44,45,0,871,27197,0,0,871,627,0,0,0,0,0,False,False,False
2014-05-06,0,24,0,131073,44,45,0,871,27221,0,0,871,627,0,0,0,0,0,False,False,False
2014-05-07,0,24,0,131073,44,45,0,872,27245,0,0,872,627,0,0,0,0,0,False,False,False
2014-05-08,0,24,0,65538,44,45,0,873,27269,0,0,873,627,0,0,0,0,0,False,False,False
2014-05-09,0,24,0,0,44,45,0,874,27293,0,0,874,627,0,0,0,0,0,False,False,False
2014-05-10,0,24,0,65538,44,45,0,875,27317,0,0,875,627,0,0,0,0,0,False,False,False
2014-05-11,0,24,0,65538,44,45,0,876,27341,0,0,876,627,0,0,0,0,0,False,False,False
2014-05-12,0,24,0,65537,44,45,0,876,27365,0,0,876,627,0,0,0,0,0,False,False,False
2014-05-13,0,24,0,2,44,45,0,877,27389,0,0,877,627,0,0,0,0,0,False,False,False
2014-05-14,0,24,0,4,44,45,0,878,27413,0,0,878,627,0,0,0,0,0,False,False,False
2014-05-15,0,24,0,131072,44,45,0,879,27437,0,0,879,627,0,0,0,0,0,False,False,False
2014-05-16,0,24,0,65536,44,45,0,879,27461,0,0,879,627,0,0,0,0,0,False,False,False
2014-05-17,0,23,0,131073,44,45,0,881,27485,0,0,881,627,0,0,0,0,0,False,False,False
2014-05-18,0,23,0,1,44,45,0,881,27509,0,0,881,627,0,0,0,0,0,False,False,False
2014-05-19,0,23,0,0,44,45,0,882,27533,0,0,882,627,0,0,0,0,0,False,False,False
2014-05-20,0,23,0,2,44,45,0,883,27557,0,0,883,627,0,0,0,0,0,False,False,False
2014-05-21,0,23,0,0,44,45,0,884,27581,0,0,884,627,0,0,0,0,0,False,False,False
2014-05-22,0,23,0,0,44,45,0,884,27605,0,0,884,627,0,0,0,0,0,False,False,False
2014-05-23,0,23,0,65536,44,45,0,885,27629,0,0,885,627,0,0,0,0,0,False,False,False
2014-05-24,0,23,0,0,44,45,0,886,27653,0,0,886,627,0,0,0,0,0,False,False,False
2014-05-25,0,23,0,0,44,45,0,887,27677,0,0,887,627,0,0,0,0,0,False,False,False
2014-05-26,0,23,0,0,44,45,0,888,27701,0,0,888,627,0,0,0,0,0,False,False,False
2014-05-27,0,23,0,0,44,45,0,889,27725,0,0,889,627,0,0,0,0,0,False,False,False
2014-05-28,0,23,0,0,44,45,0,890,27749,0,0,890,627,0,0,0,0,0,False,False,False
2014-05-29,0,24,0,0,44,45,0,891,27773,0,0,891,627,0,0,0,0,0,False,False,False
2014-05-30,0,24,0,0,44,45,0,892,27797,0,0,892,627,0,0,0,0,0,False,False,False
2014-05-31,0,23,0,0,44,45,0,893,27821,0,0,893,627,0,0,0,0,0,False,False,False
2014-06-01,0,24,0,0,44,45,0,894,27845,0,0,894,627,0,0,0,0,0,False,False,False
2014-06-02,0,23,0,0,44,45,0,894,27870,0,0,894,627,0,0,0,0,0,False,False,False
2014-06-03,0,23,0,0,44,45,0,895,27893,0,0,895,627,0,0,0,0,0,False,False,False
2014-06-04,0,23,0,0,44,45,0,896,27917,0,0,896,627,0,0,0,0,0,False,False,False
2014-06-05,0,24,0,0,44,45,0,897,27941,0,0,897,627,0,0,0,0,0,False,False,False
2014-06-06,0,23,0,196608,44,45,0,898,27965,0,0,898,627,0,0,0,0,0,False,False,False
2014-06-07,0,23,0,0,44,45,0,899,27989,0,0,899,627,0,0,0,0,0,False,False,False
2014-06-08,0,23,0,0,44,45,0,900,28013,0,0,900,627,0,0,0,0,0,False,False,False
2014-06-09,0,23,0,0,44,45,0,900,28037,0,0,900,627,0,0,0,0,0,False,False,False
2014-06-10,0,23,0,65536,44,45,0,901,28061,0,0,901,627,0,0,0,0,0,False,False,False
2014-06-11,0,24,0,0,44,45,0,902,28085,0,0,902,627,0,0,0,0,0,False,False,False
2014-06-12,0,24,0,0,44,45,0,903,28109,0,0,903,627,0,0,0,0,0,False,False,False
2014-06-13,0,23,0,1,44,45,0,904,28133,0,0,904,627,0,0,0,0,0,False,False,False
2014-06-14,0,24,0,0,44,45,0,905,28157,0,0,905,627,0,0,0,0,0,False,False,False
2014-06-15,0,24,0,0,44,45,0,905,28181,0,0,905,627,0,0,0,0,0,False,False,False
2014-06-16,0,24,0,1,44,45,0,906,28205,0,0,906,627,0,0,0,0,0,False,False,False
2014-06-17,0,24,0,0,44,45,0,907,28229,0,0,907,627,0,0,0,0,0,False,False,False
2014-06-18,0,24,0,0,44,45,0,908,28253,0,0,908,627,0,0,0,0,0,False,False,False
2014-06-19,0,24,0,0,44,45,0,909,28277,0,0,909,627,0,0,0,0,0,False,False,False
2014-06-20,0,24,0,0,44,45,0,910,28301,0,0,910,627,0,0,0,0,0,False,False,False
2014-06-21,0,23,0,0,44,45,0,911,28325,0,0,911,627,0,0,0,0,0,False,False,False
2014-06-22,0,23,0,0,44,45,0,912,28349,0,0,912,627,0,0,0,0,0,False,False,False
2014-06-23,0,24,0,0,44,45,0,913,28373,0,0,913,627,0,0,0,0,0,False,False,False
2014-06-24,0,24,0,0,44,45,0,914,28397,0,0,914,627,0,0,0,0,0,False,False,False
2014-06-25,0,24,0,0,44,45,0,914,28421,0,0,914,627,0,0,0,0,0,False,False,False
2014-06-26,0,24,0,0,44,45,0,915,28445,0,0,915,627,0,0,0,0,0,False,False,False
2014-06-27,0,24,0,0,44,45,0,916,28469,0,0,916,627,0,0,0,0,0,False,False,False
2014-06-28,0,24,0,0,44,45,0,917,28493,0,0,917,627,0,0,0,0,0,False,False,False
2014-06-29,0,24,0,0,44,45,0,918,28517,0,0,918,627,0,0,0,0,0,False,False,False
2014-06-30,0,24,0,0,44,45,0,919,28541,0,0,919,627,0,0,0,0,0,False,False,False
2014-07-01,0,24,0,0,44,45,0,920,28565,0,0,920,627,0,0,0,0,0,False,False,False
2014-07-02,0,24,0,0,44,45,0,921,28589,0,0,921,627,0,0,0,0,0,False,False,False
2014-07-03,0,24,0,0,44,45,0,921,28613,0,0,921,627,0,0,0,0,0,False,False,False
2014-07-04,0,24,0,0,44,45,0,922,28637,0,0,922,627,0,0,0,0,0,False,False,False
2014-07-05,0,24,0,0,44,45,0,923,28662,0,0,923,627,0,0,0,0,0,False,False,False
2014-07-06,0,24,0,0,44,45,0,924,28685,0,0,924,627,0,0,0,0,0,False,False,False
2014-07-07,0,24,0,0,44,45,0,925,28709,0,0,925,627,0,0,0,0,0,False,False,False
2014-07-08,0,24,0,0,44,45,0,926,28733,0,0,926,627,0,0,0,0,0,False,False,False
2014-07-09,0,24,0,0,44,45,0,927,28757,0,0,927,627,0,0,0,0,0,False,False,False
2014-07-10,0,24,0,0,44,45,0,928,28781,0,0,928,627,0,0,0,0,0,False,False,False
2014-07-11,0,23,0,1,44,45,0,929,28805,0,0,929,627,0,0,0,0,0,False,False,False
2014-07-12,0,23,0,0,44,45,0,929,28829,0,0,929,627,0,0,0,0,0,False,False,False
2014-07-13,0,23,0,0,44,45,0,930,28853,0,0,930,627,0,0,0,0,0,False,False,False
2014-07-14,0,23,0,0,44,45,0,931,28877,0,0,931,627,0,0,0,0,0,False,False,False
2014-07-15,0,23,0,0,44,45,0,932,28901,0,0,932,627,0,0,0,0,0,False,False,False
2014-07-16,0,23,0,0,44,45,0,933,28925,0,0,933,627,0,0,0,0,0,False,False,False
2014-07-17,0,23,0,0,44,45,0,934,28949,0,0,934,627,0,0,0,0,0,False,False,False
2014-07-18,0,23,0,65536,44,45,0,935,28974,0,0,935,627,0,0,0,0,0,False,False,False
2014-07-19,0,23,0,0,44,45,0,936,28997,0,0,936,627,0,0,0,0,0,False,False,False
2014-07-20,0,23,0,0,44,45,0,937,29021,0,0,937,627,0,0,0,0,0,False,False,False
2014-07-21,0,23,0,0,44,45,0,937,29045,0,0,937,627,0,0,0,0,0,False,False,False
2014-07-22,0,23,0,0,44,45,0,938,29069,0,0,938,627,0,0,0,0,0,False,False,False
2014-07-23,0,23,0,0,44,45,0,938,29093,0,0,938,627,0,0,0,0,0,False,False,False
2014-07-24,0,23,0,0,44,45,0,939,29117,0,0,939,627,0,0,0,0,0,False,False,False
2014-07-25,0,23,0,0,44,45,0,939,29141,0,0,939,627,0,0,0,0,0,False,False,False
2014-07-26,0,23,0,0,44,45,0,940,29165,0,0,940,627,0,0,0,0,0,False,False,False
2014-07-27,0,23,0,0,44,45,0,941,29189,0,0,941,627,0,0,0,0,0,False,False,False
2014-07-28,0,22,0,0,44,45,0,941,29213,0,0,941,627,0,0,0,0,0,False,False,False
2014-07-29,0,23,0,0,44,45,0,942,29237,0,0,942,627,0,0,0,0,0,False,False,False
2014-07-30,0,23,0,0,44,45,0,943,29261,0,0,943,627,0,0,0,0,0,False,False,False
2014-07-31,0,23,0,0,44,45,0,944,29285,0,0,944,627,0,0,0,0,0,False,False,False
2014-08-01,0,23,0,0,44,45,0,945,29309,0,0,945,627,0,0,0,0,0,False,False,False
2014-08-02,0,23,0,0,44,45,0,946,29333,0,0,946,627,0,0,0,0,0,False,False,False
2014-08-03,0,23,0,0,44,45,0,947,29357,0,0,947,627,0,0,0,0,0,False,False,False
2014-08-04,0,23,0,0,44,45,0,947,29381,0,0,947,627,0,0,0,0,0,False,False,False
2014-08-05,0,23,0,0,44,45,0,948,29405,0,0,948,627,0,0,0,0,0,False,False,False
2014-08-06,0,23,0,0,44,45,0,949,29429,0,0,949,627,0,0,0,0,0,False,False,False
2014-08-07,0,23,0,0,44,45,0,950,29453,0,0,950,627,0,0,0,0,0,False,False,False
2014-08-08,0,23,0,0,44,45,0,951,29477,0,0,951,627,0,0,0,0,0,False,False,False
2014-08-09,0,23,0,0,44,45,0,952,29501,0,0,952,627,0,0,0,0,0,False,False,False
2014-08-10,0,23,0,0,44,45,0,953,29525,0,0,953,627,0,0,0,0,0,False,False,False
2014-08-11,0,23,0,1,44,45,0,954,29550,0,0,954,627,0,0,0,0,0,False,False,False
2014-08-12,0,23,0,0,44,45,0,955,29573,0,0,955,627,0,0,0,0,0,False,False,False
2014-08-13,0,23,0,0,44,45,0,956,29597,0,0,956,627,0,0,0,0,0,False,False,False
2014-08-14,0,23,0,0,44,45,0,956,29621,0,0,956,627,0,0,0,0,0,False,False,False
2014-08-15,0,23,0,0,44,45,0,957,29645,0,0,957,627,0,0,0,0,0,False,False,False
2014-08-16,0,23,0,0,44,45,0,958,29669,0,0,958,627,0,0,0,0,0,False,False,False
2014-08-17,0,23,0,1,44,45,0,959,29693,0,0,959,627,0,0,0,0,0,False,False,False
2014-08-18,0,23,0,0,44,45,0,960,29717,0,0,960,627,0,0,0,0,0,False,False,False
2014-08-19,0,23,0,0,44,45,0,961,29741,0,0,961,627,0,0,0,0,0,False,False,False
2014-08-20,0,23,0,0,44,45,0,961,29765,0,0,961,627,0,0,0,0,0,False,False,False
2014-08-21,0,23,0,0,44,45,0,962,29789,0,0,962,627,0,0,0,0,0,False,False,False
2014-08-22,0,23,0,0,44,45,0,963,29813,0,0,963,627,0,0,0,0,0,False,False,False
2014-08-23,0,27,0,589824,44,45,0,964,29837,0,0,964,627,0,0,0,0,0,False,False,False
2014-08-24,0,28,0,0,44,45,0,965,29861,0,0,965,627,0,0,0,0,0,False,False,False
2014-08-25,0,26,0,0,44,45,0,965,29885,0,0,965,627,0,0,0,0,0,False,False,False
2014-08-26,0,28,0,0,44,45,0,966,29909,0,0,966,627,0,0,0,0,0,False,False,False
2014-08-27,0,23,0,0,44,45,0,967,29933,0,0,967,627,0,0,0,0,0,False,False,False
2014-08-28,0,28,0,0,44,45,0,967,29958,0,0,967,627,0,0,0,0,0,False,False,False
2014-08-29,0,26,0,0,44,45,0,968,29981,0,0,968,627,0,0,0,0,0,False,False,False
2014-08-30,0,26,0,0,44,45,0,969,30005,0,0,969,627,0,0,0,0,0,False,False,False
2014-08-31,0,26,0,0,44,45,0,970,30030,0,0,970,627,0,0,0,0,0,False,False,False
2014-09-01,0,28,0,0,44,45,0,970,30053,0,0,970,627,0,0,0,0,0,False,False,False
2014-09-02,0,26,0,0,44,45,0,971,30077,0,0,971,627,0,0,0,0,0,False,False,False
2014-09-03,0,28,0,0,44,45,0,972,30101,0,0,972,627,0,0,0,0,0,False,False,False
2014-09-04,0,26,0,0,44,45,0,973,30125,0,0,973,627,0,0,0,0,0,False,False,False
2014-09-05,0,26,0,0,44,45,0,974,30149,0,0,974,627,0,0,0,0,0,False,False,False
2014-09-06,0,26,0,0,44,45,0,975,30173,0,0,975,627,0,0,0,0,0,False,False,False
2014-09-07,0,26,0,0,44,45,0,975,30197,0,0,975,627,0,0,0,0,0,False,False,False
2014-09-08,0,28,0,1,44,45,0,976,30221,0,0,976,627,0,0,0,0,0,False,False,False
2014-09-09,0,26,0,0,44,45,0,977,30245,0,0,977,627,0,0,0,0,0,False,False,False
2014-09-10,0,26,0,0,44,45,0,978,30270,0,0,978,627,0,0,0,0,0,False,False,False
2014-09-11,0,26,0,0,44,45,0,979,30293,0,0,979,627,0,0,0,0,0,False,False,False
2014-09-12,0,26,0,0,44,45,0,979,30317,0,0,979,627,0,0,0,0,0,False,False,False
2014-09-13,0,26,0,0,44,45,0,980,30342,0,0,980,627,0,0,0,0,0,False,False,False
2014-09-14,0,23,0,2,44,45,0,981,30365,0,0,981,627,0,0,0,0,0,False,False,False
2014-09-15,0,26,0,0,44,45,0,982,30389,0,0,982,627,0,0,0,0,0,False,False,False
2014-09-16,0,26,0,0,44,45,0,983,30413,0,0,983,627,0,0,0,0,0,False,False,False
2014-09-17,0,28,0,0,44,45,0,984,30437,0,0,984,627,0,0,0,0,0,False,False,False
2014-09-18,0,25,0,65536,44,45,0,985,30461,0,0,985,627,0,0,0,0,0,False,False,False
2014-09-19,0,26,0,0,44,45,0,986,30485,0,0,986,627,0,0,0,0,0,False,False,False
2014-09-20,0,27,0,0,44,45,0,987,30510,0,0,987,627,0,0,0,0,0,False,False,False
2014-09-21,0,24,0,0,44,45,0,987,30533,0,0,987,627,0,0,0,0,0,False,False,False
2014-09-22,0,26,0,0,44,45,0,988,30557,0,0,988,627,0,0,0,0,0,False,False,False
2014-09-23,0,28,0,0,44,45,0,989,30582,0,0,989,627,0,0,0,0,0,False,False,False
2014-09-24,0,25,0,0,44,45,0,989,30605,0,0,989,627,0,0,0,0,0,False,False,False
2014-09-25,0,26,0,0,44,45,0,990,30629,0,0,990,627,0,0,0,0,0,False,False,False
2014-09-26,0,27,0,1,44,45,0,991,30653,0,0,991,627,0,0,0,0,0,False,False,False
2014-09-27,0,27,0,0,44,45,0,992,30677,0,0,992,627,0,0,0,0,0,False,False,False
2014-09-28,0,27,0,0,44,45,0,993,30701,0,0,993,627,0,0,0,0,0,False,False,False
2014-09-29,0,27,0,0,44,45,0,993,30725,0,0,993,627,0,0,0,0,0,False,False,False
2014-09-30,0,27,0,0,44,45,0,994,30749,0,0,994,627,0,0,0,0,0,False,False,False
2014-10-01,0,28,0,0,44,45,0,995,30773,0,0,995,627,0,0,0,0,0,False,False,False
2014-10-02,0,25,0,0,44,45,0,995,30797,0,0,995,627,0,0,0,0,0,False,False,False
2014-10-03,0,28,0,0,44,45,0,996,30822,0,0,996,627,0,0,0,0,0,False,False,False
2014-10-04,0,28,0,0,44,45,0,997,30845,0,0,997,627,0,0,0,0,0,False,False,False
2014-10-05,0,27,0,0,44,45,0,998,30869,0,0,998,627,0,0,0,0,0,False,False,False
2014-10-06,0,28,0,0,44,45,0,999,30893,0,0,999,627,0,0,0,0,0,False,False,False
2014-10-07,0,29,0,0,44,45,0,1000,30917,0,0,1000,627,0,0,0,0,0,False,False,False
2014-10-08,0,28,0,0,44,45,0,1001,30941,0,0,1001,627,0,0,0,0,0,False,False,False
2014-10-09,0,25,0,0,44,45,0,1001,30965,0,0,1001,627,0,0,0,0,0,False,False,False
2014-10-10,0,29,0,0,44,45,0,1002,30989,0,0,1002,627,0,0,0,0,0,False,False,False
2014-10-11,0,29,0,0,44,45,0,1002,31013,0,0,1002,627,0,0,0,0,0,False,False,False
2014-10-12,0,29,0,0,44,45,0,1003,31037,0,0,1003,627,0,0,0,0,0,False,False,False
2014-10-13,0,29,0,0,44,45,0,1004,31062,0,0,1004,627,0,0,0,0,0,False,False,False
2014-10-14,0,26,0,0,44,45,0,1005,31085,0,0,1005,627,0,0,0,0,0,False,False,False
2014-10-15,0,27,0,0,44,45,0,1006,31109,0,0,1006,627,0,0,0,0,0,False,False,False
2014-10-16,0,27,0,0,44,45,0,1007,31134,0,0,1007,627,0,0,0,0,0,False,False,False
2014-10-17,0,27,0,0,44,45,0,1008,31157,0,0,1008,627,0,0,0,0,0,False,False,False
2014-10-18,0,28,0,1,44,45,0,1009,31181,0,0,1009,627,0,0,0,0,0,False,False,False
2014-10-19,0,27,0,0,44,45,0,1010,31205,0,0,1010,627,0,0,0,0,0,False,False,False
2014-10-20,0,27,0,65536,44,45,0,1011,31229,0,0,1011,627,0,0,0,0,0,False,False,False
2014-10-21,0,27,0,0,44,45,0,1012,31253,0,0,1012,627,0,0,0,0,0,False,False,False
2014-10-22,0,27,0,0,44,45,0,1012,31277,0,0,1012,627,0,0,0,0,0,False,False,False
2014-10-23,0,28,0,0,44,45,0,1013,31301,0,0,1013,627,0,0,0,0,0,False,False,False
2014-10-24,0,27,0,0,44,45,0,1014,31325,0,0,1014,627,0,0,0,0,0,False,False,False
2014-10-25,0,28,0,1,44,45,0,1015,31349,0,0,1015,627,0,0,0,0,0,False,False,False
2014-10-26,0,27,0,0,44,45,0,1016,31373,0,0,1016,627,0,0,0,0,0,False,False,False
2014-10-27,0,29,0,0,44,45,0,1017,31397,0,0,1017,627,0,0,0,0,0,False,False,False
2014-10-28,0,24,0,0,44,45,0,1017,31421,0,0,1017,627,0,0,0,0,0,False,False,False
2014-10-29,0,24,0,0,44,45,0,1018,31445,0,0,1018,627,0,0,0,0,0,False,False,False
2014-10-30,0,24,0,0,44,45,0,1018,31469,0,0,1018,627,0,0,0,0,0,False,False,False
2014-10-31,0,24,0,0,44,45,0,1019,31493,0,0,1019,627,0,0,0,0,0,False,False,False
2014-11-01,0,23,0,0,44,45,0,1020,31517,0,0,1020,627,0,0,0,0,0,False,False,False
2014-11-03,0,24,0,0,44,45,0,1022,31566,0,0,1022,627,0,0,0,0,0,False,False,False
2014-11-04,0,24,0,0,44,45,0,1023,31590,0,0,1023,627,0,0,0,0,0,False,False,False
2014-11-05,0,24,0,0,44,45,0,1024,31614,0,0,1024,627,0,0,0,0,0,False,False,False
2014-11-06,0,24,0,0,44,45,0,1025,31638,0,0,1025,627,0,0,0,0,0,False,False,False
2014-11-07,0,27,0,0,44,45,0,1025,31662,0,0,1025,627,0,0,0,0,0,False,False,False
2014-11-08,0,28,0,0,44,45,0,1026,31686,0,0,1026,627,0,0,0,0,0,False,False,False
2014-11-09,0,27,0,1,44,45,0,1027,31710,0,0,1027,627,0,0,0,0,0,False,False,False
2014-11-10,0,27,0,0,44,45,0,1028,31735,0,0,1028,627,0,0,0,0,0,False,False,False
2014-11-11,0,28,0,0,44,45,0,1029,31758,0,0,1029,627,0,0,0,0,0,False,False,False
2014-11-12,0,25,0,0,44,45,0,1030,31782,0,0,1030,627,0,0,0,0,0,False,False,False
2014-11-13,0,27,0,0,44,45,0,1031,31806,0,0,1031,627,0,0,0,0,0,False,False,False
2014-11-14,0,26,0,0,44,45,0,1031,31830,0,0,1031,627,0,0,0,0,0,False,False,False
2014-11-15,0,26,0,0,44,45,0,1032,31854,0,0,1032,627,0,0,0,0,0,False,False,False
2014-11-16,0,26,0,65536,44,45,0,1033,31878,0,0,1033,627,0,0,0,0,0,False,False,False
2014-11-17,0,27,0,0,44,45,0,1034,31902,0,0,1034,627,0,0,0,0,0,False,False,False
2014-11-18,0,27,0,0,44,45,0,1035,31926,0,0,1035,627,0,0,0,0,0,False,False,False
2014-11-19,0,27,0,0,44,45,0,1036,31950,0,0,1036,627,0,0,0,0,0,False,False,False
2014-11-20,0,27,0,0,44,45,0,1037,31974,0,0,1037,627,0,0,0,0,0,False,False,False
2014-11-21,0,27,0,0,44,45,0,1038,31998,0,0,1038,627,0,0,0,0,0,False,False,False
2014-11-22,0,27,0,0,44,45,0,1039,32022,0,0,1039,627,0,0,0,0,0,False,False,False
2014-11-23,0,28,0,0,44,45,0,1039,32046,0,0,1039,627,0,0,0,0,0,False,False,False
2014-11-24,0,29,0,0,44,45,0,1041,32070,0,0,1041,627,0,0,0,0,0,False,False,False
2014-11-25,0,28,0,196608,44,45,0,1042,32094,0,0,1042,627,0,0,0,0,0,False,False,False
2014-11-26,0,28,0,0,44,45,0,1042,32118,0,0,1042,627,0,0,0,0,0,False,False,False
2014-11-27,0,28,0,0,44,45,0,1043,32142,0,0,1043,627,0,0,0,0,0,False,False,False
2014-11-28,0,29,0,0,44,45,0,1044,32166,0,0,1044,627,0,0,0,0,0,False,False,False
2014-11-29,0,28,0,0,44,45,0,1045,32190,0,0,1045,627,0,0,0,0,0,False,False,False
2014-11-30,0,28,0,0,44,45,0,1046,32215,0,0,1046,627,0,0,0,0,0,False,False,False
2014-12-01,0,29,0,2,44,45,0,1046,32238,0,0,1046,627,0,0,0,0,0,False,False,False
2014-12-02,0,28,0,0,44,45,0,1047,32262,0,0,1047,627,0,0,0,0,0,False,False,False
2014-12-03,0,27,0,0,44,45,0,1048,32286,0,0,1048,627,0,0,0,0,0,False,False,False
2014-12-04,0,28,0,0,44,45,0,1049,32310,0,0,1049,627,0,0,0,0,0,False,False,False
2014-12-05,0,28,0,0,44,45,0,1049,32334,0,0,1049,627,0,0,0,0,0,False,False,False
2014-12-06,0,27,0,0,44,45,0,1050,32358,0,0,1050,627,0,0,0,0,0,False,False,False
2014-12-07,0,29,0,0,44,45,0,1051,32382,0,0,1051,627,0,0,0,0,0,False,False,False
2014-12-08,0,27,0,0,44,45,0,1052,32406,0,0,1052,627,0,0,0,0,0,False,False,False
2014-12-09,0,29,0,0,44,45,0,1053,32430,0,0,1053,627,0,0,0,0,0,False,False,False
2014-12-10,0,29,0,0,44,45,0,1054,32454,0,0,1054,627,0,0,0,0,0,False,False,False
2014-12-11,0,27,0,0,44,45,0,1055,32478,0,0,1055,627,0,0,0,0,0,False,False,False
2014-12-12,0,28,0,0,44,45,0,1056,32502,0,0,1056,627,0,0,0,0,0,False,False,False
2014-12-13,0,26,0,0,44,45,0,1057,32526,0,0,1057,627,0,0,0,0,0,False,False,False
2014-12-14,0,30,0,0,44,45,0,1058,32550,0,0,1058,627,0,0,0,0,0,False,False,False
2014-12-15,0,28,0,65536,44,45,0,1059,32574,0,0,1059,627,0,0,0,0,0,False,False,False
2014-12-16,0,27,0,0,44,45,0,1059,32598,0,0,1059,627,0,0,0,0,0,False,False,False
2014-12-17,0,26,0,0,44,45,0,1060,32622,0,0,1060,627,0,0,0,0,0,False,False,False
2014-12-18,0,29,0,0,44,45,0,1061,32646,0,0,1061,627,0,0,0,0,0,False,False,False
2014-12-19,0,26,0,0,44,45,0,1062,32670,0,0,1062,627,0,0,0,0,0,False,False,False
2014-12-20,0,26,0,0,44,45,0,1062,32694,0,0,1062,627,0,0,0,0,0,False,False,False
2014-12-21,0,26,0,0,44,45,0,1063,32718,0,0,1063,627,0,0,0,0,0,False,False,False
2014-12-22,0,26,0,0,44,45,0,1064,32742,0,0,1064,627,0,0,0,0,0,False,False,False
2014-12-23,0,26,0,0,44,45,0,1065,32767,0,0,1065,627,0,0,0,0,0,False,False,False
2014-12-24,0,26,0,0,44,45,0,1066,32790,0,0,1066,627,0,0,0,0,0,False,False,False
2014-12-25,0,26,0,0,44,45,0,1067,32814,0,0,1067,627,0,0,0,0,0,False,False,False
2014-12-26,0,26,0,0,44,45,0,1068,32839,0,0,1068,627,0,0,0,0,0,False,False,False
2014-12-27,0,26,0,0,44,45,0,1069,32862,0,0,1069,627,0,0,0,0,0,False,False,False
2014-12-28,0,25,0,0,44,45,0,1070,32886,0,0,1070,627,0,0,0,0,0,False,False,False
2014-12-29,0,26,0,0,44,45,0,1070,32910,0,0,1070,627,0,0,0,0,0,False,False,False
2014-12-30,0,26,0,65536,44,45,0,1071,32934,0,0,1071,627,0,0,0,0,0,False,False,False
2014-12-31,0,26,0,0,44,45,0,1072,32958,0,0,1072,627,0,0,0,0,0,False,False,False
2015-01-01,0,26,0,0,44,45,0,1073,32982,0,0,1073,627,0,0,0,0,0,False,False,False
2015-01-02,0,26,0,0,44,45,0,1074,33006,0,0,1074,627,0,0,0,0,0,False,False,False
2015-01-03,0,26,0,0,44,45,0,1075,33030,0,0,1075,627,0,0,0,0,0,False,False,False
2015-01-04,0,26,0,0,44,45,0,1075,33054,0,0,1075,627,0,0,0,0,0,False,False,False
2015-01-05,0,26,0,0,44,45,0,1076,33079,0,0,1076,627,0,0,0,0,0,False,False,False
2015-01-06,0,32,0,0,44,45,0,1077,33102,0,0,1077,627,0,0,0,0,0,False,False,False
2015-01-07,0,30,0,0,44,45,0,1078,33126,0,0,1078,627,0,0,0,0,0,False,False,False
2015-01-08,0,27,0,0,44,45,0,1079,33150,0,0,1079,627,0,0,0,0,0,False,False,False
2015-01-09,0,28,0,0,44,45,0,1080,33174,0,0,1080,627,0,0,0,0,0,False,False,False
2015-01-10,0,27,0,0,44,45,0,1080,33198,0,0,1080,627,0,0,0,0,0,False,False,False
2015-01-11,0,27,0,0,44,45,0,1081,33222,0,0,1081,627,0,0,0,0,0,False,False,False
2015-01-12,0,29,0,0,44,45,0,1082,33246,0,0,1082,627,0,0,0,0,0,False,False,False
2015-01-13,0,26,0,0,44,45,0,1083,33270,0,0,1083,627,0,0,0,0,0,False,False,False
2015-01-14,0,28,0,0,44,45,0,1084,33294,0,0,1084,627,0,0,0,0,0,False,False,False
2015-01-15,0,24,0,0,44,45,0,1085,33319,0,0,1085,627,0,0,0,0,0,False,False,False
2015-01-16,0,25,0,2,44,45,0,1086,33342,0,0,1086,627,0,0,0,0,0,False,False,False
2015-01-17,0,25,0,131073,44,45,0,1087,33366,0,0,1087,627,0,0,0,0,0,False,False,False
2015-01-18,0,25,0,0,44,45,0,1087,33390,0,0,1087,627,0,0,0,0,0,False,False,False
2015-01-19,0,27,0,2,44,45,0,1088,33414,0,0,1088,627,0,0,0,0,0,False,False,False
2015-01-20,0,25,0,0,44,45,0,1089,33438,0,0,1089,627,0,0,0,0,0,False,False,False
2015-01-21,0,25,0,0,44,45,0,1090,33462,0,0,1090,627,0,0,0,0,0,False,False,False
2015-01-22,0,24,0,0,44,45,0,1090,33486,0,0,1090,627,0,0,0,0,0,False,False,False
2015-01-23,0,25,0,0,44,45,0,1091,33510,0,0,1091,627,0,0,0,0,0,False,False,False
2015-01-24,0,25,0,0,44,45,0,1092,33534,0,0,1092,627,0,0,0,0,0,False,False,False
2015-01-25,0,26,0,0,44,45,0,1093,33558,0,0,1093,627,0,0,0,0,0,False,False,False
2015-01-26,0,28,0,0,44,45,0,1094,33582,0,0,1094,627,0,0,0,0,0,False,False,False
2015-01-27,0,29,0,0,44,45,0,1094,33606,0,0,1094,627,0,0,0,0,0,False,False,False
2015-01-28,0,30,0,0,44,45,0,1095,33630,0,0,1095,627,0,0,0,0,0,False,False,False
2015-01-29,0,25,0,0,44,45,0,1096,33654,0,0,1096,627,0,0,0,0,0,False,False,False
2015-01-30,0,25,0,0,44,45,0,1097,33678,0,0,1097,627,0,0,0,0,0,False,False,False
2015-01-31,0,25,0,0,44,45,0,1098,33702,0,0,1098,627,0,0,0,0,0,False,False,False
2015-02-01,0,25,0,0,44,45,0,1099,33726,0,0,1099,627,0,0,0,0,0,False,False,False
2015-02-02,0,28,0,0,44,45,0,1099,33750,0,0,1099,627,0,0,0,0,0,False,False,False
2015-02-03,0,26,0,0,44,45,0,1100,33774,0,0,1100,627,0,0,0,0,0,False,False,False
2015-02-04,0,28,0,0,44,45,0,1101,33798,0,0,1101,627,0,0,0,0,0,False,False,False
2015-02-05,0,29,0,65536,44,45,0,1102,33822,0,0,1102,627,0,0,0,0,0,False,False,False
2015-02-06,0,24,0,0,44,45,0,1103,33846,0,0,1103,627,0,0,0,0,0,False,False,False
2015-02-07,0,24,0,0,44,45,0,1104,33871,0,0,1104,627,0,0,0,0,0,False,False,False
2015-02-08,0,24,0,0,44,45,0,1105,33894,0,0,1105,627,0,0,0,0,0,False,False,False
2015-02-09,0,24,0,0,44,45,0,1106,33918,0,0,1106,627,0,0,0,0,0,False,False,False
2015-02-10,0,24,0,0,44,45,0,1106,33943,0,0,1106,627,0,0,0,0,0,False,False,False
2015-02-11,0,24,0,0,44,45,0,1107,33966,0,0,1107,627,0,0,0,0,0,False,False,False
2015-02-12,0,25,0,0,44,45,0,1108,33990,0,0,1108,627,0,0,0,0,0,False,False,False
2015-02-13,0,25,0,0,44,45,0,1109,34014,0,0,1109,627,0,0,0,0,0,False,False,False
2015-02-14,0,25,0,0,44,45,0,1110,34038,0,0,1110,627,0,0,0,0,0,False,False,False
2015-02-15,0,25,0,0,44,45,0,1111,34062,0,0,1111,627,0,0,0,0,0,False,False,False
2015-02-16,0,25,0,0,44,45,0,1112,34086,0,0,1112,627,0,0,0,0,0,False,False,False
2015-02-17,0,26,0,0,44,45,0,1113,34110,0,0,1113,627,0,0,0,0,0,False,False,False
2015-02-18,0,28,0,0,44,45,0,1113,34134,0,0,1113,627,0,0,0,0,0,False,False,False
2015-02-19,0,31,0,0,44,45,0,1114,34158,0,0,1114,627,0,0,0,0,0,False,False,False
2015-02-20,0,31,0,0,44,45,0,1115,34182,0,0,1115,627,0,0,0,0,0,False,False,False
2015-02-21,0,30,0,0,44,45,0,1116,34206,0,0,1116,627,0,0,0,0,0,False,False,False
2015-02-22,0,30,0,0,44,45,0,1117,34230,0,0,1117,627,0,0,0,0,0,False,False,False
2015-02-23,0,30,0,0,44,45,0,1118,34254,0,0,1118,627,0,0,0,0,0,False,False,False
2015-02-24,0,30,0,65536,44,45,0,1119,34278,0,0,1119,627,0,0,0,0,0,False,False,False
2015-02-25,0,30,0,0,44,45,0,1120,34302,0,0,1120,627,0,0,0,0,0,False,False,False
2015-02-26,0,31,0,1,44,45,0,1121,34326,0,0,1121,627,0,0,0,0,0,False,False,False
2015-02-27,0,31,0,0,44,45,0,1122,34350,0,0,1122,627,0,0,0,0,0,False,False,False
2015-02-28,0,30,0,0,44,45,0,1122,34374,0,0,1122,627,0,0,0,0,0,False,False,False
2015-03-01,0,30,0,0,44,45,0,1123,34398,0,0,1123,627,0,0,0,0,0,False,False,False
2015-03-02,0,31,0,0,44,45,0,1124,34422,0,0,1124,627,0,0,0,0,0,False,False,False
2015-03-03,0,30,0,1,44,45,0,1124,34446,0,0,1124,627,0,0,0,0,0,False,False,False
2015-03-04,0,30,0,65536,44,45,0,1125,34470,0,0,1125,627,0,0,0,0,0,False,False,False
2015-03-05,0,30,0,0,44,45,0,1126,34494,0,0,1126,627,0,0,0,0,0,False,False,False
2015-03-06,0,31,0,0,44,45,0,1127,34518,0,0,1127,627,0,0,0,0,0,False,False,False
2015-03-07,0,30,0,0,44,45,0,1128,34542,0,0,1128,627,0,0,0,0,0,False,False,False
2015-03-08,0,30,0,0,44,45,0,1129,34566,0,0,1129,627,0,0,0,0,0,False,False,False
2015-03-09,0,29,0,0,44,45,0,1130,34590,0,0,1130,627,0,0,0,0,0,False,False,False
2015-03-10,0,29,0,0,44,45,0,1131,34613,0,0,1131,627,0,0,0,0,0,False,False,False
2015-03-11,0,28,0,0,44,45,0,1132,34637,0,0,1132,627,0,0,0,0,0,False,False,False
2015-03-12,0,28,0,1,44,45,0,1133,34661,0,0,1133,627,0,0,0,0,0,False,False,False
2015-03-13,0,28,0,1,44,45,0,1133,34685,0,0,1133,627,0,0,0,0,0,False,False,False
2015-03-14,0,27,0,0,44,45,0,1134,34709,0,0,1134,627,0,0,0,0,0,False,False,False
2015-03-15,0,27,0,65536,44,45,0,1135,34733,0,0,1135,627,0,0,0,0,0,False,False,False
2015-03-16,0,28,0,0,44,45,0,1136,34757,0,0,1136,627,0,0,0,0,0,False,False,False
2015-03-17,0,28,0,0,44,45,0,1136,34781,0,0,1136,627,0,0,0,0,0,False,False,False
2015-03-18,0,26,0,0,44,45,0,1137,34805,0,0,1137,627,0,0,0,0,0,False,False,False
2015-03-19,0,27,0,0,44,45,0,1138,34829,0,0,1138,627,0,0,0,0,0,False,False,False
2015-03-20,0,27,0,0,44,45,0,1138,34853,0,0,1138,627,0,0,0,0,0,False,False,False
2015-03-21,0,27,0,65536,44,45,0,1139,34877,0,0,1139,627,0,0,0,0,0,False,False,False
2015-03-22,0,27,0,0,44,45,0,1140,34901,0,0,1140,627,0,0,0,0,0,False,False,False
2015-03-23,0,27,0,0,44,45,0,1141,34925,0,0,1141,627,0,0,0,0,0,False,False,False
2015-03-24,0,27,0,0,44,45,0,1142,34949,0,0,1142,627,0,0,0,0,0,False,False,False
2015-03-25,0,27,0,0,44,45,0,1143,34973,0,0,1143,627,0,0,0,0,0,False,False,False
2015-03-26,0,27,0,0,44,45,0,1143,34998,0,0,1143,627,0,0,0,0,0,False,False,False
2015-03-27,0,27,0,0,44,45,0,1144,35021,0,0,1144,627,0,0,0,0,0,False,False,False
2015-03-28,0,27,0,0,44,45,0,1145,35045,0,0,1145,627,0,0,0,0,0,False,False,False
2015-03-29,0,27,0,1,44,45,0,1146,35069,0,0,1146,627,0,0,0,0,0,False,False,False
2015-03-30,0,27,0,0,44,45,0,1147,35093,0,0,1147,627,0,0,0,0,0,False,False,False
2015-03-31,0,27,0,0,44,45,0,1148,35117,0,0,1148,627,0,0,0,0,0,False,False,False
2015-04-01,0,26,0,0,44,45,0,1149,35141,0,0,1149,627,0,0,0,0,0,False,False,False
2015-04-02,0,30,0,0,44,45,0,1150,35165,0,0,1150,627,0,0,0,0,0,False,False,False
2015-04-03,0,30,0,0,44,45,0,1151,35189,0,0,1151,627,0,0,0,0,0,False,False,False
2015-04-04,0,30,0,0,44,45,0,1151,35213,0,0,1151,627,0,0,0,0,0,False,False,False
2015-04-05,0,30,0,0,44,45,0,1152,35237,0,0,1152,627,0,0,0,0,0,False,False,False
2015-04-06,0,29,0,0,44,45,0,1153,35261,0,0,1153,627,0,0,0,0,0,False,False,False
2015-04-07,0,30,0,0,44,45,0,1154,35285,0,0,1154,627,0,0,0,0,0,False,False,False
2015-04-08,0,35,0,0,44,45,0,1155,35309,0,0,1155,627,0,0,0,0,0,False,False,False
2015-04-09,0,25,0,0,44,45,0,1155,35333,0,0,1155,627,0,0,0,0,0,False,False,False
2015-04-10,0,26,0,1,44,45,0,1156,35357,0,0,1156,627,0,0,0,0,0,False,False,False
2015-04-11,0,27,0,0,44,45,0,1157,35381,0,0,1157,627,0,0,0,0,0,False,False,False
2015-04-12,0,27,0,0,44,45,0,1158,35405,0,0,1158,627,0,0,0,0,0,False,False,False
2015-04-13,0,26,0,0,44,45,0,1159,35429,0,0,1159,627,0,0,0,0,0,False,False,False
2015-04-14,0,24,0,0,44,45,0,1160,35453,0,0,1160,627,0,0,0,0,0,False,False,False
2015-04-15,0,23,0,0,44,45,0,1161,35477,0,0,1161,627,0,0,0,0,0,False,False,False
2015-04-16,0,23,0,65536,44,45,0,1162,35501,0,0,1162,627,0,0,0,0,0,False,False,False
2015-04-17,0,23,0,0,44,45,0,1163,35525,0,0,1163,627,0,0,0,0,0,False,False,False
2015-04-18,0,23,0,65536,44,45,0,1164,35550,0,0,1164,627,0,0,0,0,0,False,False,False
2015-04-19,0,22,0,0,44,45,0,1164,35573,0,0,1164,627,0,0,0,0,0,False,False,False
2015-04-20,0,23,0,0,44,45,0,1165,35597,0,0,1165,627,0,0,0,0,0,False,False,False
2015-04-21,0,23,0,0,44,45,0,1166,35621,0,0,1166,627,0,0,0,0,0,False,False,False
2015-04-22,0,23,0,1,44,45,0,1167,35645,0,0,1167,627,0,0,0,0,0,False,False,False
2015-04-23,0,23,0,0,44,45,0,1168,35669,0,0,1168,627,0,0,0,0,0,False,False,False
2015-04-24,0,23,0,0,44,45,0,1169,35693,0,0,1169,627,0,0,0,0,0,False,False,False
2015-04-25,0,23,0,0,44,45,0,1170,35717,0,0,1170,627,0,0,0,0,0,False,False,False
2015-04-26,0,23,0,0,44,45,0,1170,35741,0,0,1170,627,0,0,0,0,0,False,False,False
2015-04-27,0,23,0,0,44,45,0,1171,35765,0,0,1171,627,0,0,0,0,0,False,False,False
2015-04-28,0,23,0,65536,44,45,0,1172,35790,0,0,1172,627,0,0,0,0,0,False,False,False
2015-04-29,0,23,0,0,44,45,0,1173,35813,0,0,1173,627,0,0,0,0,0,False,False,False
2015-04-30,0,26,0,0,44,45,0,1174,35837,0,0,1174,627,0,0,0,0,0,False,False,False
2015-05-01,0,26,0,0,44,45,0,1174,35861,0,0,1174,627,0,0,0,0,0,False,False,False
2015-05-02,0,26,0,0,44,45,0,1175,35885,0,0,1175,627,0,0,0,0,0,False,False,False
2015-05-03,0,27,0,0,44,45,0,1176,35909,0,0,1176,627,0,0,0,0,0,False,False,False
2015-05-04,0,27,0,0,44,45,0,1177,35933,0,0,1177,627,0,0,0,0,0,False,False,False
2015-05-05,0,27,0,0,44,45,0,1178,35957,0,0,1178,627,0,0,0,0,0,False,False,False
2015-05-06,0,24,0,0,44,45,0,1178,35981,0,0,1178,627,0,0,0,0,0,False,False,False
2015-05-07,0,24,0,0,44,45,0,1179,36005,0,0,1179,627,0,0,0,0,0,False,False,False
2015-05-08,0,25,0,0,44,45,0,1180,36029,0,0,1180,627,0,0,0,0,0,False,False,False
2015-05-09,0,26,0,0,44,45,0,1181,36054,0,0,1181,627,0,0,0,0,0,False,False,False
2015-05-10,0,24,0,0,44,45,0,1182,36077,0,0,1182,627,0,0,0,0,0,False,False,False
2015-05-11,0,26,0,0,44,45,0,1183,36101,0,0,1183,627,0,0,0,0,0,False,False,False
2015-05-12,0,26,0,0,44,45,0,1184,36125,0,0,1184,627,0,0,0,0,0,False,False,False
2015-05-13,0,27,0,0,44,45,0,1185,36149,0,0,1185,627,0,0,0,0,0,False,False,False
2015-05-14,0,25,0,0,44,45,0,1186,36173,0,0,1186,627,0,0,0,0,0,False,False,False
2015-05-15,0,25,0,0,44,45,0,1186,36197,0,0,1186,627,0,0,0,0,0,False,False,False
2015-05-16,0,25,0,0,44,45,0,1187,36221,0,0,1187,627,0,0,0,0,0,False,False,False
2015-05-17,0,26,0,65536,44,45,0,1188,36246,0,0,1188,627,0,0,0,0,0,False,False,False
2015-05-18,0,25,0,1,44,45,0,1189,36269,0,0,1189,627,0,0,0,0,0,False,False,False
2015-05-19,0,24,0,0,44,45,0,1189,36293,0,0,1189,627,0,0,0,0,0,False,False,False
2015-05-20,0,24,0,0,44,45,0,1190,36317,0,0,1190,627,0,0,0,0,0,False,False,False
2015-05-21,0,25,0,0,44,45,0,1191,36341,0,0,1191,627,0,0,0,0,0,False,False,False
2015-05-22,0,24,0,65536,44,45,0,1192,36365,0,0,1192,627,0,0,0,0,0,False,False,False
2015-05-23,0,24,0,0,44,45,0,1193,36389,0,0,1193,627,0,0,0,0,0,False,False,False
2015-05-24,0,25,0,0,44,45,0,1194,36413,0,0,1194,627,0,0,0,0,0,False,False,False
2015-05-25,0,24,0,0,44,45,0,1195,36437,0,0,1195,627,0,0,0,0,0,False,False,False
2015-05-26,0,25,0,0,44,45,0,1196,36461,0,0,1196,627,0,0,0,0,0,False,False,False
2015-05-27,0,25,0,0,44,45,0,1197,36486,0,0,1197,627,0,0,0,0,0,False,False,False
2015-05-28,0,25,0,0,44,45,0,1197,36509,0,0,1197,627,0,0,0,0,0,False,False,False
2015-05-29,0,25,0,0,44,45,0,1198,36533,0,0,1198,627,0,0,0,0,0,False,False,False
2015-05-30,0,24,0,0,44,45,0,1199,36557,0,0,1199,627,0,0,0,0,0,False,False,False
2015-05-31,0,24,0,0,44,45,0,1200,36581,0,0,1200,627,0,0,0,0,0,False,False,False
2015-06-01,0,25,0,0,44,45,0,1201,36605,0,0,1201,627,0,0,0,0,0,False,False,False
2015-06-02,0,25,0,0,44,45,0,1202,36629,0,0,1202,627,0,0,0,0,0,False,False,False
2015-06-03,0,24,0,0,44,45,0,1203,36653,0,0,1203,627,0,0,0,0,0,False,False,False
2015-06-04,0,25,0,0,44,45,0,1204,36677,0,0,1204,627,0,0,0,0,0,False,False,False
2015-06-05,0,26,0,0,44,45,0,1205,36701,0,0,1205,627,0,0,0,0,0,False,False,False
2015-06-06,0,25,0,0,44,45,0,1206,36726,0,0,1206,627,0,0,0,0,0,False,False,False
2015-06-07,0,26,0,0,44,45,0,1207,36749,0,0,1207,627,0,0,0,0,0,False,False,False
2015-06-08,0,25,0,0,44,45,0,1208,36773,0,0,1208,627,0,0,0,0,0,False,False,False
2015-06-09,0,24,0,0,44,45,0,1209,36798,0,0,1209,627,0,0,0,0,0,False,False,False
2015-06-10,0,26,0,0,44,45,0,1210,36821,0,0,1210,627,0,0,0,0,0,False,False,False
2015-06-11,0,24,0,0,44,45,0,1211,36845,0,0,1211,627,0,0,0,0,0,False,False,False
2015-06-12,0,26,0,0,44,45,0,1211,36869,0,0,1211,627,0,0,0,0,0,False,False,False
2015-06-13,0,25,0,0,44,45,0,1212,36893,0,0,1212,627,0,0,0,0,0,False,False,False
2015-06-14,0,25,0,0,44,45,0,1213,36917,0,0,1213,627,0,0,0,0,0,False,False,False
2015-06-15,0,25,0,0,44,45,0,1214,36941,0,0,1214,627,0,0,0,0,0,False,False,False
2015-06-16,0,24,0,0,44,45,0,1215,36965,0,0,1215,627,0,0,0,0,0,False,False,False
2015-06-17,0,24,0,0,44,45,0,1215,36989,0,0,1215,627,0,0,0,0,0,False,False,False
2015-06-18,0,24,0,0,44,45,0,1216,37013,0,0,1216,627,0,0,0,0,0,False,False,False
2015-06-19,0,24,0,0,44,45,0,1217,37038,0,0,1217,627,0,0,0,0,0,False,False,False
2015-06-20,0,24,0,0,44,45,0,1218,37061,0,0,1218,627,0,0,0,0,0,False,False,False
2015-06-21,0,23,0,0,44,45,0,1219,37085,0,0,1219,627,0,0,0,0,0,False,False,False
2015-06-22,0,28,0,0,44,45,0,1219,37109,0,0,1219,627,0,0,0,0,0,False,False,False
2015-06-23,0,28,0,0,44,45,0,1220,37133,0,0,1220,627,0,0,0,0,0,False,False,False
2015-06-24,0,28,0,0,44,45,0,1221,37157,0,0,1221,627,0,0,0,0,0,False,False,False
2015-06-25,0,27,0,0,44,45,0,1222,37181,0,0,1222,627,0,0,0,0,0,False,False,False
2015-06-26,0,27,0,0,44,45,0,1223,37205,0,0,1223,627,0,0,0,0,0,False,False,False
2015-06-27,0,27,0,0,44,45,0,1224,37229,0,0,1224,627,0,0,0,0,0,False,False,False
2015-06-28,0,26,0,0,44,45,0,1225,37253,0,0,1225,627,0,0,0,0,0,False,False,False
2015-06-29,0,26,0,0,44,45,0,1226,37278,0,0,1226,627,0,0,0,0,0,False,False,False
2015-06-30,0,26,0,0,44,45,0,1227,37301,0,0,1227,627,0,0,0,0,0,False,False,False
2015-07-01,0,26,0,0,44,45,0,1228,37325,0,0,1228,627,0,0,0,0,0,False,False,False
2015-07-02,0,26,0,0,44,45,0,1228,37350,0,0,1228,627,0,0,0,0,0,False,False,False
2015-07-03,0,26,0,65536,44,45,0,1229,37373,0,0,1229,627,0,0,0,0,0,False,False,False
2015-07-04,0,27,0,0,44,45,0,1230,37397,0,0,1230,627,0,0,0,0,0,False,False,False
2015-07-05,0,26,0,0,44,45,0,1231,37421,0,0,1231,627,0,0,0,0,0,False,False,False
2015-07-06,0,26,0,0,44,45,0,1232,37445,0,0,1232,627,0,0,0,0,0,False,False,False
2015-07-07,0,27,0,0,44,45,0,1233,37469,0,0,1233,627,0,0,0,0,0,False,False,False
2015-07-08,0,27,0,0,44,45,0,1233,37493,0,0,1233,627,0,0,0,0,0,False,False,False
2015-07-09,0,26,0,0,44,45,0,1234,37517,0,0,1234,627,0,0,0,0,0,False,False,False
2015-07-10,0,26,0,0,44,45,0,1235,37541,0,0,1235,627,0,0,0,0,0,False,False,False
2015-07-11,0,26,0,0,44,45,0,1236,37565,0,0,1236,627,0,0,0,0,0,False,False,False
2015-07-12,0,26,0,0,44,45,0,1237,37589,0,0,1237,627,0,0,0,0,0,False,False,False
2015-07-13,0,26,0,0,44,45,0,1238,37613,0,0,1238,627,0,0,0,0,0,False,False,False
2015-07-14,0,26,0,0,44,45,0,1239,37637,0,0,1239,627,0,0,0,0,0,False,False,False
2015-07-15,0,26,0,1,44,45,0,1239,37661,0,0,1239,627,0,0,0,0,0,False,False,False
2015-07-16,0,27,0,0,44,45,0,1240,37685,0,0,1240,627,0,0,0,0,0,False,False,False
2015-07-17,0,26,0,0,44,45,0,1241,37709,0,0,1241,627,0,0,0,0,0,False,False,False
2015-07-18,0,26,0,0,44,45,0,1242,37733,0,0,1242,627,0,0,0,0,0,False,False,False
2015-07-19,0,26,0,0,44,45,0,1243,37757,0,0,1243,627,0,0,0,0,0,False,False,False
2015-07-20,0,26,0,0,44,45,0,1244,37781,0,0,1244,627,0,0,0,0,0,False,False,False
2015-07-21,0,26,0,0,44,45,0,1245,37805,0,0,1245,627,0,0,0,0,0,False,False,False
2015-07-22,0,26,0,0,44,45,0,1245,37829,0,0,1245,627,0,0,0,0,0,False,False,False
2015-07-23,0,26,0,0,44,45,0,1246,37853,0,0,1246,627,0,0,0,0,0,False,False,False
2015-07-24,0,26,0,0,44,45,0,1247,37877,0,0,1247,627,0,0,0,0,0,False,False,False
2015-07-25,0,27,0,0,44,45,0,1248,37901,0,0,1248,627,0,0,0,0,0,False,False,False
2015-07-26,0,23,0,3,44,45,0,1249,37925,0,0,1249,627,0,0,0,0,0,False,False,False
2015-07-27,0,23,0,0,44,45,0,1250,37949,0,0,1250,627,0,0,0,0,0,False,False,False
2015-07-28,0,27,0,0,44,45,0,1251,37973,0,0,1251,627,0,0,0,0,0,False,False,False
2015-07-29,0,26,0,0,44,45,0,1252,37997,0,0,1252,627,0,0,0,0,0,False,False,False
2015-07-30,0,27,0,0,44,45,0,1252,38021,0,0,1252,627,0,0,0,0,0,False,False,False
2015-07-31,0,24,0,0,44,45,0,1253,38045,0,0,1253,627,0,0,0,0,0,False,False,False
2015-08-01,0,26,0,0,44,45,0,1254,38069,0,0,1254,627,0,0,0,0,0,False,False,False
2015-08-02,0,27,0,0,44,45,0,1254,38093,0,0,1254,627,0,0,0,0,0,False,False,False
2015-08-03,0,26,0,0,44,45,0,1255,38118,0,0,1255,627,0,0,0,0,0,False,False,False
2015-08-04,0,25,0,1,44,45,0,1256,38141,0,0,1256,627,0,0,0,0,0,False,False,False
2015-08-05,0,26,0,0,44,45,0,1257,38165,0,0,1257,627,0,0,0,0,0,False,False,False
2015-08-06,0,26,0,0,44,45,0,1258,38189,0,0,1258,627,0,0,0,0,0,False,False,False
2015-08-07,0,27,0,0,44,45,0,1259,38213,0,0,1259,627,0,0,0,0,0,False,False,False
2015-08-08,0,26,0,0,44,45,0,1260,38237,0,0,1260,627,0,0,0,0,0,False,False,False
2015-08-09,0,26,0,0,44,45,0,1260,38261,0,0,1260,627,0,0,0,0,0,False,False,False
2015-08-10,0,26,0,0,44,45,0,1261,38285,0,0,1261,627,0,0,0,0,0,False,False,False
2015-08-11,0,26,0,65536,44,45,0,1262,38309,0,0,1262,627,0,0,0,0,0,False,False,False
2015-08-12,0,27,0,0,44,45,0,1263,38333,0,0,1263,627,0,0,0,0,0,False,False,False
2015-08-13,0,25,0,0,44,45,0,1264,38357,0,0,1264,627,0,0,0,0,0,False,False,False
2015-08-14,0,25,0,0,44,45,0,1265,38381,0,0,1265,627,0,0,0,0,0,False,False,False
2015-08-15,0,26,0,0,44,45,0,1266,38405,0,0,1266,627,0,0,0,0,0,False,False,False
2015-08-16,0,26,0,0,44,45,0,1267,38429,0,0,1267,627,0,0,0,0,0,False,False,False
2015-08-17,0,26,0,0,44,45,0,1268,38453,0,0,1268,627,0,0,0,0,0,False,False,False
2015-08-18,0,26,0,0,44,45,0,1268,38477,0,0,1268,627,0,0,0,0,0,False,False,False
2015-08-19,0,26,0,0,44,45,0,1269,38501,0,0,1269,627,0,0,0,0,0,False,False,False
2015-08-20,0,27,0,0,44,45,0,1270,38525,0,0,1270,627,0,0,0,0,0,False,False,False
2015-08-21,0,25,0,0,44,45,0,1271,38549,0,0,1271,627,0,0,0,0,0,False,False,False
2015-08-22,0,25,0,0,44,45,0,1272,38573,0,0,1272,627,0,0,0,0,0,False,False,False
2015-08-23,0,25,0,0,44,45,0,1273,38597,0,0,1273,627,0,0,0,0,0,False,False,False
2015-08-24,0,26,0,0,44,45,0,1274,38621,0,0,1274,627,0,0,0,0,0,False,False,False
2015-08-25,0,27,0,0,44,45,0,1275,38645,0,0,1275,627,0,0,0,0,0,False,False,False
2015-08-26,0,26,0,65536,44,45,0,1276,38669,0,0,1276,627,0,0,0,0,0,False,False,False
2015-08-27,0,26,0,0,44,45,0,1277,38693,0,0,1277,627,0,0,0,0,0,False,False,False
2015-08-28,0,26,0,0,44,45,0,1277,38717,0,0,1277,627,0,0,0,0,0,False,False,False
2015-08-29,0,26,0,0,44,45,0,1278,38741,0,0,1278,627,0,0,0,0,0,False,False,False
2015-08-30,0,25,0,1,44,45,0,1279,38765,0,0,1279,627,0,0,0,0,0,False,False,False
2015-08-31,0,27,0,65537,44,45,0,1280,38789,0,0,1280,627,0,0,0,0,0,False,False,False
2015-09-01,0,26,0,0,44,45,0,1281,38813,0,0,1281,627,0,0,0,0,0,False,False,False
2015-09-02,0,25,0,0,44,45,0,1282,38837,0,0,1282,627,0,0,0,0,0,False,False,False
2015-09-03,0,25,0,0,44,45,0,1283,38861,0,0,1283,627,0,0,0,0,0,False,False,False
2015-09-04,0,26,0,1,44,45,0,1284,38885,0,0,1284,627,0,0,0,0,0,False,False,False
2015-09-05,0,27,0,0,44,45,0,1285,38909,0,0,1285,627,0,0,0,0,0,False,False,False
2015-09-06,0,27,0,0,44,45,0,1285,38933,0,0,1285,627,0,0,0,0,0,False,False,False
2015-09-07,0,27,0,65536,44,45,0,1286,38958,0,0,1286,627,0,0,0,0,0,False,False,False
2015-09-08,0,27,0,1,44,45,0,1287,38981,0,0,1287,627,0,0,0,0,0,False,False,False
2015-09-09,0,27,0,0,44,45,0,1288,39005,0,0,1288,627,0,0,0,0,0,False,False,False
2015-09-10,0,27,0,0,44,45,0,1289,39030,0,0,1289,627,0,0,0,0,0,False,False,False
2015-09-11,0,25,0,0,44,45,0,1290,39053,0,0,1290,627,0,0,0,0,0,False,False,False
2015-09-12,0,26,0,0,44,45,0,1291,39077,0,0,1291,627,0,0,0,0,0,False,False,False
2015-09-13,0,27,0,0,44,45,0,1292,39101,0,0,1292,627,0,0,0,0,0,False,False,False
2015-09-14,0,27,0,0,44,45,0,1292,39125,0,0,1292,627,0,0,0,0,0,False,False,False
2015-09-15,0,27,0,589824,44,45,0,1293,39149,0,0,1293,627,0,0,0,0,0,False,False,False
2015-09-16,0,27,0,0,44,45,0,1294,39173,0,0,1294,627,0,0,0,0,0,False,False,False
2015-09-17,0,25,0,0,44,45,0,1295,39198,0,0,1295,627,0,0,0,0,0,False,False,False
2015-09-18,0,26,0,0,44,45,0,1296,39221,0,0,1296,627,0,0,0,0,0,False,False,False
2015-09-19,0,26,0,0,44,45,0,1296,39245,0,0,1296,627,0,0,0,0,0,False,False,False
2015-09-20,0,25,0,0,44,45,0,1297,39269,0,0,1297,627,0,0,0,0,0,False,False,False
2015-09-21,0,27,0,0,44,45,0,1298,39293,0,0,1298,627,0,0,0,0,0,False,False,False
2015-09-22,0,27,0,0,44,45,0,1299,39317,0,0,1299,627,0,0,0,0,0,False,False,False
2015-09-23,0,26,0,393216,44,45,0,1300,39341,0,0,1300,627,0,0,0,0,0,False,False,False
2015-09-24,0,26,0,0,44,45,0,1300,39365,0,0,1300,627,0,0,0,0,0,False,False,False
2015-09-25,0,27,0,2,44,45,0,1301,39389,0,0,1301,627,0,0,0,0,0,False,False,False
2015-09-26,0,26,0,0,44,45,0,1302,39413,0,0,1302,627,0,0,0,0,0,False,False,False
2015-09-27,0,26,0,0,44,45,0,1302,39437,0,0,1302,627,0,0,0,0,0,False,False,False
2015-09-28,0,26,0,0,44,45,0,1303,39461,0,0,1303,627,0,0,0,0,0,False,False,False
2015-09-29,0,26,0,0,44,45,0,1304,39485,0,0,1304,627,0,0,0,0,0,False,False,False
2015-09-30,0,27,0,0,44,45,0,1305,39510,0,0,1305,627,0,0,0,0,0,False,False,False
2015-10-01,0,26,0,0,44,45,0,1305,39533,0,0,1305,627,0,0,0,0,0,False,False,False
2015-10-02,0,26,0,0,44,45,0,1306,39557,0,0,1306,627,0,0,0,0,0,False,False,False
2015-10-03,0,26,0,0,44,45,0,1307,39581,0,0,1307,627,0,0,0,0,0,False,False,False
2015-10-04,0,27,0,0,44,45,0,1308,39605,0,0,1308,627,0,0,0,0,0,False,False,False
2015-10-05,0,26,0,0,44,45,0,1308,39629,0,0,1308,627,0,0,0,0,0,False,False,False
2015-10-06,0,26,0,0,44,45,0,1308,39653,0,0,1308,627,0,0,0,0,0,False,False,False
2015-10-07,0,26,0,0,44,45,0,1308,39677,0,0,1308,627,0,0,0,0,0,False,False,False
2015-10-08,0,27,0,0,44,45,0,1309,39701,0,0,1309,627,0,0,0,0,0,False,False,False
2015-10-09,0,27,0,0,44,45,0,1310,39725,0,0,1310,627,0,0,0,0,0,False,False,False
2015-10-10,0,26,0,0,44,45,0,1310,39749,0,0,1310,627,0,0,0,0,0,False,False,False
2015-10-11,0,26,0,0,44,45,0,1310,39773,0,0,1310,627,0,0,0,0,0,False,False,False
2015-10-12,0,26,0,0,44,45,0,1311,39797,0,0,1311,627,0,0,0,0,0,False,False,False
2015-10-13,0,26,0,0,44,45,0,1311,39821,0,0,1311,627,0,0,0,0,0,False,False,False
2015-10-14,0,25,0,0,44,45,0,1312,39845,0,0,1312,627,0,0,0,0,0,False,False,False
2015-10-15,0,26,0,0,44,45,0,1312,39869,0,0,1312,627,0,0,0,0,0,False,False,False
2015-10-16,0,26,0,0,44,45,0,1313,39893,0,0,1313,627,0,0,0,0,0,False,False,False
2015-10-17,0,25,0,0,44,45,0,1313,39918,0,0,1313,627,0,0,0,0,0,False,False,False
2015-10-18,0,26,0,0,44,45,0,1314,39941,0,0,1314,627,0,0,0,0,0,False,False,False
2015-10-19,0,26,0,0,44,45,0,1315,39965,0,0,1315,627,0,0,0,0,0,False,False,False
2015-10-20,0,26,0,0,44,45,0,1316,39989,0,0,1316,627,0,0,0,0,0,False,False,False
2015-10-21,0,26,0,0,44,45,0,1317,40013,0,0,1317,627,0,0,0,0,0,False,False,False
2015-10-22,0,26,0,0,44,45,0,1318,40037,0,0,1318,627,0,0,0,0,0,False,False,False
2015-10-23,0,26,0,0,44,45,0,1319,40061,0,0,1319,627,0,0,0,0,0,False,False,False
2015-10-24,0,26,0,0,44,45,0,1320,40085,0,0,1320,627,0,0,0,0,0,False,False,False
2015-10-25,0,26,0,0,44,45,0,1321,40109,0,0,1321,627,0,0,0,0,0,False,False,False
2015-10-26,0,26,0,0,44,45,0,1322,40133,0,0,1322,627,0,0,0,0,0,False,False,False
2015-10-27,0,26,0,0,44,45,0,1323,40157,0,0,1323,627,0,0,0,0,0,False,False,False
2015-10-29,0,25,0,0,44,45,0,1324,40205,0,0,1324,627,0,0,0,0,0,False,False,False
2015-10-30,0,26,0,0,44,45,0,1325,40229,0,0,1325,627,0,0,0,0,0,False,False,False
2015-10-31,0,26,0,0,44,45,0,1325,40254,0,0,1325,627,0,0,0,0,0,False,False,False
2015-11-02,0,26,0,0,44,45,0,1325,40303,0,0,1325,627,0,0,0,0,0,False,False,False
2015-11-03,0,26,0,0,44,45,0,1325,40326,0,0,1325,627,0,0,0,0,0,False,False,False
2015-11-04,0,24,0,0,44,45,0,1325,40350,0,0,1325,627,0,0,0,0,0,False,False,False
2015-11-05,0,26,0,0,44,45,0,1325,40374,0,0,1325,627,0,0,0,0,0,False,False,False
2015-11-06,0,25,0,0,44,45,0,1325,40398,0,0,1325,627,0,0,0,0,0,False,False,False
2015-11-07,0,25,0,0,44,45,0,1325,40422,0,0,1325,627,0,0,0,0,0,False,False,False
2015-11-08,0,25,0,0,44,45,0,1325,40446,0,0,1325,627,0,0,0,0,0,False,False,False
2015-11-09,0,24,0,0,44,45,0,1325,40470,0,0,1325,627,0,0,0,0,0,False,False,False
2015-11-10,0,25,0,0,44,45,0,1325,40494,0,0,1325,627,0,0,0,0,0,False,False,False
2015-11-11,0,28,0,0,44,45,0,1325,40518,0,0,1325,627,0,0,0,0,0,False,False,False
2015-11-12,0,27,0,0,44,45,0,1325,40543,0,0,1325,627,0,0,0,0,0,False,False,False
2015-11-13,0,24,0,0,44,45,0,1325,40566,0,0,1325,627,0,0,0,0,0,False,False,False
2015-11-14,0,26,0,0,44,45,0,1325,40590,0,0,1325,627,0,0,0,0,0,False,False,False
2015-11-15,0,25,0,0,44,45,0,1325,40614,0,0,1325,627,0,0,0,0,0,False,False,False
2015-11-16,0,26,0,0,44,45,0,1325,40638,0,0,1325,627,0,0,0,0,0,False,False,False
2015-11-17,0,27,0,0,44,45,0,1326,40662,0,0,1326,627,0,0,0,0,0,False,False,False
2015-11-18,0,27,0,0,44,45,0,1327,40686,0,0,1327,627,0,0,0,0,0,False,False,False
2015-11-19,0,26,0,0,44,45,0,1327,40710,0,0,1327,627,0,0,0,0,0,False,False,False
2015-11-20,0,25,0,0,44,45,0,1327,40734,0,0,1327,627,0,0,0,0,0,False,False,False
2015-11-21,0,25,0,0,44,45,0,1328,40758,0,0,1328,627,0,0,0,0,0,False,False,False
2015-11-22,0,25,0,0,44,45,0,1329,40783,0,0,1329,627,0,0,0,0,0,False,False,False
2015-11-23,0,26,0,0,44,45,0,1329,40806,0,0,1329,627,0,0,0,0,0,False,False,False
2015-11-24,0,26,0,0,44,45,0,1330,40830,0,0,1330,627,0,0,0,0,0,False,False,False
2015-11-25,0,27,0,0,44,45,0,1331,40854,0,0,1331,627,0,0,0,0,0,False,False,False
2015-11-26,0,26,0,0,44,45,0,1331,40878,0,0,1331,627,0,0,0,0,0,False,False,False
2015-11-27,0,25,0,0,44,45,0,1332,40902,0,0,1332,627,0,0,0,0,0,False,False,False
2015-11-28,0,26,0,0,44,45,0,1333,40926,0,0,1333,627,0,0,0,0,0,False,False,False
2015-11-29,0,25,0,0,44,45,0,1334,40950,0,0,1334,627,0,0,0,0,0,False,False,False
2015-11-30,0,26,0,0,44,45,0,1335,40974,0,0,1335,627,0,0,0,0,0,False,False,False
2015-12-01,0,26,0,0,44,45,0,1335,40998,0,0,1335,627,0,0,0,0,0,False,False,False
2015-12-02,0,25,0,0,44,45,0,1335,41023,0,0,1335,627,0,0,0,0,0,False,False,False
2015-12-03,0,25,0,0,44,45,0,1335,41046,0,0,1335,627,0,0,0,0,0,False,False,False
2015-12-04,0,26,0,0,44,45,0,1335,41070,0,0,1335,627,0,0,0,0,0,False,False,False
2015-12-05,0,25,0,0,44,45,0,1335,41094,0,0,1335,627,0,0,0,0,0,False,False,False
2015-12-06,0,25,0,0,44,45,0,1335,41118,0,0,1335,627,0,0,0,0,0,False,False,False
2015-12-07,0,24,0,0,44,45,0,1335,41142,0,0,1335,627,0,0,0,0,0,False,False,False
2015-12-08,0,24,0,0,44,45,0,1335,41166,0,0,1335,627,0,0,0,0,0,False,False,False
2015-12-09,0,24,0,0,44,45,0,1335,41190,0,0,1335,627,0,0,0,0,0,False,False,False
2015-12-10,0,24,0,0,44,45,0,1335,41214,0,0,1335,627,0,0,0,0,0,False,False,False
2015-12-11,0,25,0,0,44,45,0,1335,41238,0,0,1335,627,0,0,0,0,0,False,False,False
2015-12-12,0,25,0,0,44,45,0,1335,41263,0,0,1335,627,0,0,0,0,0,False,False,False
2015-12-13,0,24,0,0,44,45,0,1335,41286,0,0,1335,627,0,0,0,0,0,False,False,False
2015-12-14,0,24,0,0,44,45,0,1335,41310,0,0,1335,627,0,0,0,0,0,False,False,False
2015-12-15,0,25,0,0,44,45,0,1335,41334,0,0,1335,627,0,0,0,0,0,False,False,False
2015-12-16,0,28,0,0,44,45,0,1335,41358,0,0,1335,627,0,0,0,0,0,False,False,False
2015-12-17,0,27,0,0,44,45,0,1335,41382,0,0,1335,627,0,0,0,0,0,False,False,False
2015-12-18,0,27,0,0,44,45,0,1335,41406,0,0,1335,627,0,0,0,0,0,False,False,False
2015-12-19,0,26,0,0,44,45,0,1335,41430,0,0,1335,627,0,0,0,0,0,False,False,False
2015-12-20,0,27,0,0,44,45,0,1335,41454,0,0,1335,627,0,0,0,0,0,False,False,False
2015-12-21,0,24,0,0,44,45,0,1335,41478,0,0,1335,627,0,0,0,0,0,False,False,False
2016-01-06,0,41,0,0,45,46,0,1336,41497,0,0,1336,627,0,0,0,0,0,False,False,False
2016-01-07,0,39,0,0,45,46,0,1336,41522,0,0,1336,627,0,0,0,0,0,False,False,False
2016-01-08,0,39,0,0,45,46,0,1336,41546,0,0,1336,627,0,0,0,0,0,False,False,False
2016-01-09,0,40,0,0,45,46,0,1336,41569,0,0,1336,627,0,0,0,0,0,False,False,False
2016-01-10,0,41,0,0,45,46,0,1336,41594,0,0,1336,627,0,0,0,0,0,False,False,False
2016-01-11,0,40,0,0,45,46,0,1336,41618,0,0,1336,627,0,0,0,0,0,False,False,False
2016-01-12,0,40,0,0,45,46,0,1337,41641,0,0,1337,627,0,0,0,0,0,False,False,False
2016-01-13,0,41,0,0,45,46,0,1337,41665,0,0,1337,627,0,0,0,0,0,False,False,False
2016-01-14,0,40,0,0,45,46,0,1338,41690,0,0,1338,627,0,0,0,0,0,False,False,False
2016-01-15,0,40,0,0,45,46,0,1338,41713,0,0,1338,627,0,0,0,0,0,False,False,False
2016-01-16,0,41,0,0,45,46,0,1339,41737,0,0,1339,627,0,0,0,0,0,False,False,False
2016-01-17,0,42,0,0,45,46,0,1340,41762,0,0,1340,627,0,0,0,0,0,False,False,False
2016-01-18,0,43,0,0,45,46,0,1340,41786,0,0,1340,627,0,0,0,0,0,False,False,False
2016-01-19,0,41,0,0,45,46,0,1340,41809,0,0,1340,627,0,0,0,0,0,False,False,False
2016-01-20,0,41,0,0,45,46,0,1341,41834,0,0,1341,627,0,0,0,0,0,False,False,False
2016-01-21,0,41,0,65536,45,46,0,1341,41858,0,0,1341,627,0,0,0,0,0,False,False,False
2016-01-22,0,41,0,0,45,46,0,1342,41881,0,0,1342,627,0,0,0,0,0,False,False,False
2016-01-23,0,42,0,0,45,46,0,1342,41906,0,0,1342,627,0,0,0,0,0,False,False,False
2016-01-24,0,43,0,0,45,46,0,1342,41930,0,0,1342,627,0,0,0,0,0,False,False,False
2016-01-25,0,43,0,0,45,46,0,1343,41953,0,0,1343,627,0,0,0,0,0,False,False,False
2016-01-26,0,40,0,0,45,46,0,1344,41977,0,0,1344,627,0,0,0,0,0,False,False,False
2016-01-27,0,41,0,0,45,46,0,1344,42002,0,0,1344,627,0,0,0,0,0,False,False,False
2016-01-28,0,40,0,0,45,46,0,1344,42026,0,0,1344,627,0,0,0,0,0,False,False,False
2016-01-29,0,41,0,0,45,46,0,1345,42049,0,0,1345,627,0,0,0,0,0,False,False,False
2016-01-30,0,42,0,0,45,46,0,1346,42074,0,0,1346,627,0,0,0,0,0,False,False,False
2016-01-31,0,43,0,0,45,46,0,1346,42098,0,0,1346,627,0,0,0,0,0,False,False,False
2016-02-01,0,42,0,0,45,46,0,1347,42121,0,0,1347,627,0,0,0,0,0,False,False,False
2016-02-02,0,41,0,0,45,46,0,1348,42145,0,0,1348,627,0,0,0,0,0,False,False,False
2016-02-03,0,40,0,0,45,46,0,1349,42170,0,0,1349,627,0,0,0,0,0,False,False,False
2016-02-04,0,42,0,0,45,46,0,1349,42193,0,0,1349,627,0,0,0,0,0,False,False,False
2016-02-05,0,42,0,0,45,46,0,1350,42217,0,0,1350,627,0,0,0,0,0,False,False,False
2016-02-06,0,42,0,0,45,46,0,1351,42242,0,0,1351,627,0,0,0,0,0,False,False,False
2016-02-07,0,43,0,0,45,46,0,1352,42265,0,0,1352,627,0,0,0,0,0,False,False,False
2016-02-08,0,44,0,0,45,46,0,1352,42289,0,0,1352,627,0,0,0,0,0,False,False,False
2016-02-09,0,43,0,0,45,46,0,1352,42314,0,0,1352,627,0,0,0,0,0,False,False,False
2016-02-10,0,41,0,0,45,46,0,1353,42338,0,0,1353,627,0,0,0,0,0,False,False,False
2016-02-11,0,45,0,0,45,46,0,1354,42361,0,0,1354,627,0,0,0,0,0,False,False,False
2016-02-12,0,43,0,0,45,46,0,1354,42386,0,0,1354,627,0,0,0,0,0,False,False,False
2016-02-13,0,43,0,0,45,46,0,1355,42410,0,0,1355,627,0,0,0,0,0,False,False,False
2016-02-14,0,43,0,0,45,46,0,1356,42433,0,0,1356,627,0,0,0,0,0,False,False,False
2016-02-15,0,42,0,0,45,46,0,1357,42458,0,0,1357,627,0,0,0,0,0,False,False,False
2016-02-16,0,44,0,0,45,46,0,1357,42482,0,0,1357,627,0,0,0,0,0,False,False,False
2016-02-17,0,43,0,0,45,46,0,1358,42505,0,0,1358,627,0,0,0,0,0,False,False,False
2016-02-18,0,44,0,0,45,46,0,1359,42529,0,0,1359,627,0,0,0,0,0,False,False,False
2016-02-19,0,44,0,0,45,46,0,1360,42554,0,0,1360,627,0,0,0,0,0,False,False,False
2016-02-20,0,44,0,0,45,46,0,1361,42578,0,0,1361,627,0,0,0,0,0,False,False,False
2016-02-21,0,43,0,0,45,46,0,1361,42601,0,0,1361,627,0,0,0,0,0,False,False,False
2016-02-22,0,44,0,0,45,46,0,1362,42626,0,0,1362,627,0,0,0,0,0,False,False,False
2016-02-23,0,45,0,0,45,46,0,1363,42650,0,0,1363,627,0,0,0,0,0,False,False,False
2016-02-24,0,45,0,0,45,46,0,1363,42673,0,0,1363,627,0,0,0,0,0,False,False,False
2016-02-25,0,44,0,0,45,46,0,1363,42698,0,0,1363,627,0,0,0,0,0,False,False,False
2016-02-26,0,43,0,0,45,46,0,1363,42722,0,0,1363,627,0,0,0,0,0,False,False,False
2016-02-27,0,42,0,0,45,46,0,1363,42745,0,0,1363,627,0,0,0,0,0,False,False,False
2016-02-28,0,44,0,0,45,46,0,1364,42769,0,0,1364,627,0,0,0,0,0,False,False,False
2016-02-29,0,42,0,0,45,46,0,1365,42794,0,0,1365,627,0,0,0,0,0,False,False,False
2016-03-01,0,43,0,0,45,46,0,1366,42817,0,0,1366,627,0,0,0,0,0,False,False,False
2016-03-02,0,43,0,0,45,46,0,1367,42841,0,0,1367,627,0,0,0,0,0,False,False,False
2016-03-03,0,43,0,0,45,46,0,1367,42866,0,0,1367,627,0,0,0,0,0,False,False,False
2016-03-04,0,43,0,0,45,46,0,1368,42890,0,0,1368,627,0,0,0,0,0,False,False,False
2016-03-05,0,43,0,0,45,46,0,1368,42913,0,0,1368,627,0,0,0,0,0,False,False,False
2016-03-06,0,44,0,0,45,46,0,1369,42938,0,0,1369,627,0,0,0,0,0,False,False,False
2016-03-07,0,45,0,1,45,46,0,1370,42962,0,0,1370,627,0,0,0,0,0,False,False,False
2016-03-08,0,43,0,65536,45,46,0,1370,42985,0,0,1370,627,0,0,0,0,0,False,False,False
2016-03-09,0,44,0,0,45,46,0,1371,43009,0,0,1371,627,0,0,0,0,0,False,False,False
2016-03-10,0,44,0,65536,45,46,0,1372,43034,0,0,1372,627,0,0,0,0,0,False,False,False
2016-03-11,0,44,0,1,45,46,0,1373,43057,0,0,1373,627,0,0,0,0,0,False,False,False
2016-03-12,0,44,0,0,45,46,0,1373,43081,0,0,1373,627,0,0,0,0,0,False,False,False
2016-03-13,0,44,0,0,45,46,0,1374,43106,0,0,1374,627,0,0,0,0,0,False,False,False
2016-03-14,0,45,0,0,45,46,0,1375,43130,0,0,1375,627,0,0,0,0,0,False,False,False
2016-03-15,0,43,0,0,45,46,0,1376,43153,0,0,1376,627,0,0,0,0,0,False,False,False
2016-03-16,0,44,0,0,45,46,0,1377,43176,0,0,1377,627,0,0,0,0,0,False,False,False
2016-03-17,0,44,0,0,45,46,0,1377,43201,0,0,1377,627,0,0,0,0,0,False,False,False
2016-03-18,0,44,0,0,45,46,0,1378,43225,0,0,1378,627,0,0,0,0,0,False,False,False
2016-03-19,0,43,0,0,45,46,0,1379,43248,0,0,1379,627,0,0,0,0,0,False,False,False
2016-03-20,0,43,0,0,45,46,0,1380,43273,0,0,1380,627,0,0,0,0,0,False,False,False
2016-03-21,0,43,0,0,45,46,0,1381,43297,0,0,1381,627,0,0,0,0,0,False,False,False
2016-03-22,0,43,0,0,45,46,0,1381,43320,0,0,1381,627,0,0,0,0,0,False,False,False
2016-03-23,0,42,0,0,45,46,0,1382,43344,0,0,1382,627,0,0,0,0,0,False,False,False
2016-03-24,0,43,0,0,45,46,0,1382,43369,0,0,1382,627,0,0,0,0,0,False,False,False
2016-03-25,0,43,0,0,45,46,0,1383,43393,0,0,1383,627,0,0,0,0,0,False,False,False
2016-03-26,0,43,0,0,45,46,0,1384,43416,0,0,1384,627,0,0,0,0,0,False,False,False
2016-03-27,0,44,0,0,45,46,0,1385,43441,0,0,1385,627,0,0,0,0,0,False,False,False
2016-03-28,0,43,0,0,45,46,0,1385,43465,0,0,1385,627,0,0,0,0,0,False,False,False
2016-03-29,0,43,0,65536,45,46,0,1386,43488,0,0,1386,627,0,0,0,0,0,False,False,False
2016-03-30,0,43,0,1,45,46,0,1387,43513,0,0,1387,627,0,0,0,0,0,False,False,False
2016-03-31,0,44,0,0,45,46,0,1387,43537,0,0,1387,627,0,0,0,0,0,False,False,False
2016-04-01,0,44,0,0,45,46,0,1388,43560,0,0,1388,627,0,0,0,0,0,False,False,False
2016-04-02,0,44,0,0,45,46,0,1389,43584,0,0,1389,627,0,0,0,0,0,False,False,False
2016-04-03,0,43,0,0,45,46,0,1390,43609,0,0,1390,627,0,0,0,0,0,False,False,False
2016-04-04,0,44,0,0,45,46,0,1390,43632,0,0,1390,627,0,0,0,0,0,False,False,False
2016-04-05,0,43,0,0,45,46,0,1391,43656,0,0,1391,627,0,0,0,0,0,False,False,False
2016-04-06,0,43,0,0,45,46,0,1392,43681,0,0,1392,627,0,0,0,0,0,False,False,False
2016-04-07,0,42,0,0,45,46,0,1393,43705,0,0,1393,627,0,0,0,0,0,False,False,False
2016-04-08,0,47,0,0,45,46,0,1393,43728,0,0,1393,627,0,0,0,0,0,False,False,False
2016-04-09,0,47,0,0,45,46,0,1394,43753,0,0,1394,627,0,0,0,0,0,False,False,False
2016-04-10,0,47,0,0,45,46,0,1395,43777,0,0,1395,627,0,0,0,0,0,False,False,False
2016-04-11,0,46,0,0,45,46,0,1395,43800,0,0,1395,627,0,0,0,0,0,False,False,False
2016-04-12,0,46,0,1,45,46,0,1395,43825,0,0,1395,627,0,0,0,0,0,False,False,False
2016-04-13,0,44,0,0,45,46,0,1396,43849,0,0,1396,627,0,0,0,0,0,False,False,False
2016-04-14,0,44,0,0,45,46,0,1397,43872,0,0,1397,627,0,0,0,0,0,False,False,False
2016-04-15,0,43,0,65537,45,46,0,1398,43896,0,0,1398,627,0,0,0,0,0,False,False,False
2016-04-16,0,44,0,0,45,46,0,1398,43921,0,0,1398,627,0,0,0,0,0,False,False,False
2016-04-17,0,43,0,0,45,46,0,1399,43945,0,0,1399,627,0,0,0,0,0,False,False,False
2016-04-18,0,44,0,0,45,46,0,1400,43968,0,0,1400,627,0,0,0,0,0,False,False,False
2016-04-19,0,42,0,0,45,46,0,1401,43993,0,0,1401,627,0,0,0,0,0,False,False,False
2016-04-20,0,42,0,0,45,46,0,1401,44017,0,0,1401,627,0,0,0,0,0,False,False,False
2016-04-21,0,42,0,0,45,46,0,1401,44040,0,0,1401,627,0,0,0,0,0,False,False,False
2016-04-22,0,44,0,0,45,46,0,1402,44064,0,0,1402,627,0,0,0,0,0,False,False,False
2016-04-23,0,44,0,458752,45,46,0,1403,44089,0,0,1403,627,0,0,0,0,0,False,False,False
2016-04-24,0,45,0,65536,45,46,0,1404,44112,0,0,1404,627,0,0,0,0,0,False,False,False
2016-04-25,0,44,0,0,45,46,0,1404,44136,0,0,1404,627,0,0,0,0,0,False,False,False
2016-04-26,0,44,0,0,45,46,0,1405,44161,0,0,1405,627,0,0,0,0,0,False,False,False
2016-04-27,0,44,0,0,45,46,0,1406,44185,0,0,1406,627,0,0,0,0,0,False,False,False
2016-04-28,0,45,0,0,45,46,0,1407,44208,0,0,1407,627,0,0,0,0,0,False,False,False
2016-04-29,0,44,0,0,45,46,0,1408,44233,0,0,1408,627,0,0,0,0,0,False,False,False
2016-04-30,0,44,0,0,45,46,0,1408,44257,0,0,1408,627,0,0,0,0,0,False,False,False
2016-05-01,0,41,0,0,45,46,0,1408,44280,0,0,1408,627,0,0,0,0,0,False,False,False
2016-05-02,0,42,0,0,45,46,0,1408,44305,0,0,1408,627,0,0,0,0,0,False,False,False
2016-05-03,0,41,0,0,45,46,0,1409,44329,0,0,1409,627,0,0,0,0,0,False,False,False
2016-05-04,0,42,0,1,45,46,0,1410,44352,0,0,1410,627,0,0,0,0,0,False,False,False
2016-05-05,0,43,0,0,45,46,0,1411,44376,0,0,1411,627,0,0,0,0,0,False,False,False
2016-05-06,0,44,0,0,45,46,0,1412,44401,0,0,1412,627,0,0,0,0,0,False,False,False
2016-05-07,0,44,0,0,45,46,0,1412,44424,0,0,1412,627,0,0,0,0,0,False,False,False
2016-05-08,0,44,0,0,45,46,0,1413,44448,0,0,1413,627,0,0,0,0,0,False,False,False
2016-05-09,0,45,0,0,45,46,0,1414,44473,0,0,1414,627,0,0,0,0,0,False,False,False
2016-05-10,0,44,0,1,45,46,0,1414,44497,0,0,1414,627,0,0,0,0,0,False,False,False
2016-05-11,0,43,0,65536,45,46,0,1414,44520,0,0,1414,627,0,0,0,0,0,False,False,False
2016-05-12,0,43,0,1,45,46,0,1415,44545,0,0,1415,627,0,0,0,0,0,False,False,False
2016-05-13,0,43,0,1,45,46,0,1416,44569,0,0,1416,627,0,0,0,0,0,False,False,False
2016-05-14,0,44,0,0,45,46,0,1417,44592,0,0,1417,627,0,0,0,0,0,False,False,False
2016-05-15,0,44,0,0,45,46,0,1418,44616,0,0,1418,627,0,0,0,0,0,False,False,False
2016-05-16,0,43,0,0,45,46,0,1418,44641,0,0,1418,627,0,0,0,0,0,False,False,False
2016-05-17,0,43,0,0,45,46,0,1419,44665,0,0,1419,627,0,0,0,0,0,False,False,False
2016-05-18,0,43,0,0,45,46,0,1419,44688,0,0,1419,627,0,0,0,0,0,False,False,False
2016-05-19,0,43,0,1,45,46,0,1420,44713,0,0,1420,627,0,0,0,0,0,False,False,False
2016-05-20,0,44,0,0,45,46,0,1420,44737,0,0,1420,627,0,0,0,0,0,False,False,False
2016-05-21,0,44,0,0,45,46,0,1421,44760,0,0,1421,627,0,0,0,0,0,False,False,False
2016-05-22,0,44,0,0,45,46,0,1421,44785,0,0,1421,627,0,0,0,0,0,False,False,False
2016-05-23,0,44,0,0,45,46,0,1422,44809,0,0,1422,627,0,0,0,0,0,False,False,False
2016-05-24,0,44,0,0,45,46,0,1422,44832,0,0,1422,627,0,0,0,0,0,False,False,False
2016-05-25,0,45,0,65536,45,46,0,1423,44856,0,0,1423,627,0,0,0,0,0,False,False,False
2016-05-26,0,45,0,0,45,46,0,1424,44881,0,0,1424,627,0,0,0,0,0,False,False,False
2016-05-27,0,42,0,0,45,46,0,1425,44905,0,0,1425,627,0,0,0,0,0,False,False,False
2016-05-28,0,43,0,0,45,46,0,1425,44928,0,0,1425,627,0,0,0,0,0,False,False,False
2016-05-29,0,43,0,1,45,46,0,1426,44953,0,0,1426,627,0,0,0,0,0,False,False,False
2016-05-30,0,43,0,0,45,46,0,1427,44977,0,0,1427,627,0,0,0,0,0,False,False,False
2016-05-31,0,43,0,1,45,46,0,1428,45000,0,0,1428,627,0,0,0,0,0,False,False,False
2016-06-01,0,43,0,0,45,46,0,1428,45024,0,0,1428,627,0,0,0,0,0,False,False,False
2016-06-02,0,43,0,2,45,46,0,1429,45049,0,0,1429,627,0,0,0,0,0,False,False,False
2016-06-03,0,42,0,0,45,46,0,1430,45072,0,0,1430,627,0,0,0,0,0,False,False,False
2016-06-04,0,42,0,0,45,46,0,1430,45096,0,0,1430,627,0,0,0,0,0,False,False,False
2016-06-05,0,43,0,0,45,46,0,1430,45121,0,0,1430,627,0,0,0,0,0,False,False,False
2016-06-06,0,43,0,0,45,46,0,1430,45145,0,0,1430,627,0,0,0,0,0,False,False,False
2016-06-07,0,43,0,65536,45,46,0,1430,45168,0,0,1430,627,0,0,0,0,0,False,False,False
2016-06-08,0,43,0,0,45,46,0,1431,45192,0,0,1431,627,0,0,0,0,0,False,False,False
2016-06-09,0,42,0,0,45,46,0,1432,45217,0,0,1432,627,0,0,0,0,0,False,False,False
2016-06-10,0,41,0,0,45,46,0,1433,45240,0,0,1433,627,0,0,0,0,0,False,False,False
2016-06-11,0,41,0,0,45,46,0,1434,45264,0,0,1434,627,0,0,0,0,0,False,False,False
2016-06-12,0,41,0,0,45,46,0,1434,45289,0,0,1434,627,0,0,0,0,0,False,False,False
2016-06-13,0,41,0,0,45,46,0,1435,45312,0,0,1435,627,0,0,0,0,0,False,False,False
2016-06-14,0,41,0,0,45,46,0,1436,45336,0,0,1436,627,0,0,0,0,0,False,False,False
2016-06-15,0,42,0,0,45,46,0,1437,45361,0,0,1437,627,0,0,0,0,0,False,False,False
2016-06-16,0,42,0,0,45,46,0,1438,45384,0,0,1438,627,0,0,0,0,0,False,False,False
2016-06-17,0,42,0,0,45,46,0,1438,45408,0,0,1438,627,0,0,0,0,0,False,False,False
2016-06-18,0,42,0,0,45,46,0,1439,45433,0,0,1439,627,0,0,0,0,0,False,False,False
2016-06-19,0,41,0,0,45,46,0,1440,45457,0,0,1440,627,0,0,0,0,0,False,False,False
2016-06-20,0,41,0,0,45,46,0,1440,45480,0,0,1440,627,0,0,0,0,0,False,False,False
2016-06-21,0,41,0,0,45,46,0,1441,45505,0,0,1441,627,0,0,0,0,0,False,False,False
2016-06-22,0,41,0,0,45,46,0,1442,45529,0,0,1442,627,0,0,0,0,0,False,False,False
2016-06-23,0,41,0,0,45,46,0,1443,45552,0,0,1443,627,0,0,0,0,0,False,False,False
2016-06-24,0,41,0,0,45,46,0,1444,45576,0,0,1444,627,0,0,0,0,0,False,False,False
2016-06-25,0,42,0,0,45,46,0,1445,45601,0,0,1445,627,0,0,0,0,0,False,False,False
2016-06-26,0,41,0,0,45,46,0,1445,45624,0,0,1445,627,0,0,0,0,0,False,False,False
2016-06-27,0,41,0,0,45,46,0,1446,45648,0,0,1446,627,0,0,0,0,0,False,False,False
2016-06-28,0,41,0,0,45,46,0,1447,45673,0,0,1447,627,0,0,0,0,0,False,False,False
2016-06-29,0,42,0,0,45,46,0,1447,45697,0,0,1447,627,0,0,0,0,0,False,False,False
2016-06-30,0,42,0,0,45,46,0,1447,45720,0,0,1447,627,0,0,0,0,0,False,False,False
